Student,Exam,Minute,EDA,BVP,TEMP,HR,Grade
S1,Final,0,0.023410942,-0.882382812,22.155,120.9903333,182
S1,Final,1,0.023720592,1.048971354,22.04666667,130.8756667,182
S1,Final,2,0.0239128,-0.195609375,22.023,131.6138333,182
S1,Final,3,0.023854063,0.0420625,22.33933333,109.5605,182
S1,Final,4,0.023795321,-0.018817708,22.41566667,81.02333333,182
S1,Final,5,0.024088962,-0.261846354,22.345,104.504,182
S1,Final,6,0.0240463,0.00603125,20.642,120.952,182
S1,Final,7,0.024153096,0.179085938,19.24633333,102.204,182
S1,Final,8,0.024137058,-0.074145833,19.401,91.83116667,182
S1,Final,9,0.023928879,0.130846354,18.62216667,113.719,182
S1,Final,10,0.023731329,0.026664063,19.81333333,130.4558333,182
S1,Final,11,0.023448321,0.001773437,20.804,107.6785,182
S1,Final,12,0.023560454,-0.001114583,20.95866667,109.4866667,182
S1,Final,13,0.023688554,-0.011057292,21.15833333,122.6808333,182
S1,Final,14,0.023597813,0.010018229,21.29033333,122.3641667,182
S1,Final,15,0.023635175,0.016609375,21.302,110.6278333,182
S1,Final,16,0.02368855,-0.009591146,21.33266667,125.4215,182
S1,Final,17,0.023683196,-0.022471354,21.39066667,119.779,182
S1,Final,18,0.024633538,-0.041997396,22.07333333,108.6728333,182
S1,Final,19,0.023998183,-0.027596354,25.37133333,97.47383333,182
S1,Final,20,0.056047529,0.41778125,27.67066667,102.0475,182
S1,Final,21,0.127759292,-0.394726563,29.85733333,121.1285,182
S1,Final,22,0.11958545,-0.328697917,30.05166667,111.92,182
S1,Final,23,0.126734213,0.651252604,30.17633333,93.30683333,182
S1,Final,24,0.122649958,-0.736979167,30.312,86.5445,182
S1,Final,25,0.13339715,0.345809896,30.34466667,86.15083333,182
S1,Final,26,0.132249325,0.315875,30.39333333,89.3905,182
S1,Final,27,0.134977404,-0.623822917,30.44733333,79.68383333,182
S1,Final,28,0.134539679,0.279559896,30.40866667,78.81733333,182
S1,Final,29,0.132131838,0.189010417,30.38933333,81.96466667,182
S1,Final,30,0.137283854,-0.222476563,30.44266667,78.7295,182
S1,Final,31,0.141875292,0.066039063,30.48933333,84.182,182
S1,Final,32,0.145633913,0.147445313,30.51966667,82.36466667,182
S1,Final,33,0.150460196,0.112203125,30.57366667,71.90816667,182
S1,Final,34,0.154288313,-0.054263021,30.672,68.58666667,182
S1,Final,35,0.155937887,-0.11934375,30.65133333,114.4713333,182
S1,Final,36,0.158190975,0.012856771,30.65166667,123.0063333,182
S1,Final,37,0.160534638,0.017143229,30.681,120.1035,182
S1,Final,38,0.161298171,-0.135786458,30.56966667,118.7145,182
S1,Final,39,0.163236208,0.093317708,30.55333333,122.4018333,182
S1,Final,40,0.161485037,0.014929688,30.458,106.2898333,182
S1,Final,41,0.166242,0.19534375,30.54166667,87.29766667,182
S1,Final,42,0.1649393,-0.751184896,30.68866667,95.11216667,182
S1,Final,43,0.164320008,0.775869792,30.64733333,92.865,182
S1,Final,44,0.168874067,-0.220651042,30.73133333,111.1405,182
S1,Final,45,0.168959479,0.018393229,30.77833333,97.98916667,182
S1,Final,46,0.170566517,-0.141341146,30.75166667,74.78583333,182
S1,Final,47,0.179546462,0.169794271,30.79933333,86.97183333,182
S1,Final,48,0.179156767,-0.092390625,30.73566667,109.1353333,182
S1,Final,49,0.180737075,-0.041919271,30.71733333,113.8125,182
S1,Final,50,0.181399108,0.183393229,30.76733333,109.1908333,182
S1,Final,51,0.178526783,-0.133367188,30.83733333,103.2901667,182
S1,Final,52,0.178964546,-0.082523438,30.83266667,90.5825,182
S1,Final,53,0.179663929,0.295898438,30.81933333,100.7038333,182
S1,Final,54,0.178409288,-0.164666667,30.741,94.8035,182
S1,Final,55,0.169157017,-0.12128125,30.69166667,87.37416667,182
S1,Final,56,0.17042235,0.109244792,30.64666667,78.3515,182
S1,Final,57,0.173759171,-0.013763021,30.75033333,75.12566667,182
S1,Final,58,0.174586717,0.053046875,30.82766667,83.09833333,182
S1,Final,59,0.170801337,0.039111979,30.88266667,90.19666667,182
S1,Final,60,0.174378404,-0.035583333,30.86266667,73.17133333,182
S1,Final,61,0.178649546,-0.065091146,30.963,92.67983333,182
S1,Final,62,0.177394975,0.067835938,30.994,96.46266667,182
S1,Final,63,0.179770717,0.023065104,31.11766667,99.67433333,182
S1,Final,64,0.177672554,-0.090851563,31.16066667,106.9165,182
S1,Final,65,0.172616617,0.138164063,31.04133333,97.92283333,182
S1,Final,66,0.178777758,-0.063057292,30.96866667,88.975,182
S1,Final,67,0.177234688,0.031447917,30.97266667,101.6226667,182
S1,Final,68,0.184778587,-0.048455729,31.00766667,105.6141667,182
S1,Final,69,0.186081346,-0.150617188,31.05666667,106.86,182
S1,Final,70,0.1856969,0.316273437,31.03433333,106.9386667,182
S1,Final,71,0.186166704,-0.188864583,31.003,97.1345,182
S1,Final,72,0.182231942,0.038510417,30.94066667,94.99983333,182
S1,Final,73,0.190208279,0.046169271,30.911,102.2513333,182
S1,Final,74,0.186946254,0.012502604,30.91966667,106.0431667,182
S1,Final,75,0.186657917,-0.045356771,30.80933333,105.6105,182
S1,Final,76,0.182952708,-0.044085937,30.66366667,87.0505,182
S1,Final,77,0.185782375,-0.060619792,30.72966667,75.099,182
S1,Final,78,0.183064846,0.072552083,30.75333333,73.78366667,182
S1,Final,79,0.197357029,-0.050963542,30.655,85.00783333,182
S1,Final,80,0.187079687,0.013578125,30.62366667,100.9663333,182
S1,Final,81,0.180347283,0.047976563,30.64233333,106.3673333,182
S1,Final,82,0.179786729,0.002895833,30.559,92.88716667,182
S1,Final,83,0.183796296,0.048830729,30.631,92.30316667,182
S1,Final,84,0.1838123,-0.178049479,30.613,103.2298333,182
S1,Final,85,0.184047192,0.207601563,30.50766667,107.9018333,182
S1,Final,86,0.185675563,-0.094197917,30.384,120.2636667,182
S1,Final,87,0.183225004,0.0375625,30.409,103.6635,182
S1,Final,88,0.185734308,0.029796875,30.39966667,104.5236667,182
S1,Final,89,0.179877483,-0.175541667,30.36666667,100.67,182
S1,Final,90,0.185002871,0.299057292,30.29533333,108.9756667,182
S1,Final,91,0.182552283,-0.361817708,30.275,91.18883333,182
S1,Final,92,0.183630758,0.185434896,30.18933333,92.1155,182
S1,Final,93,0.1870049,-0.007260417,30.18833333,109.0011667,182
S1,Final,94,0.184217996,-0.655481771,30.17233333,104.3843333,182
S1,Final,95,0.184618433,0.703177083,30.14133333,100.9468333,182
S1,Final,96,0.178137042,-0.059341146,30.08333333,102.7233333,182
S1,Final,97,0.184319488,0.015752604,30.081,84.78766667,182
S1,Final,98,0.187245117,-0.1485,30.13233333,87.251,182
S1,Final,99,0.188446383,0.187138021,30.13933333,106.6618333,182
S1,Final,100,0.189572925,-0.111348958,30.01066667,114.9733333,182
S1,Final,101,0.186246825,0.020247396,29.864,104.4681667,182
S1,Final,102,0.188062038,0.045804687,29.879,91.38966667,182
S1,Final,103,0.1901602,0.024721354,30.011,84.236,182
S1,Final,104,0.189220567,-0.306460938,29.923,93.762,182
S1,Final,105,0.186988929,0.323705729,29.917,92.3605,182
S1,Final,106,0.188013975,0.009617188,29.89633333,108.1028333,182
S1,Final,107,0.18534985,-0.131304688,29.945,104.9491667,182
S1,Final,108,0.193235425,0.026794271,29.95533333,102.1921667,182
S1,Final,109,0.193689171,0.032856771,30.05,79.4725,182
S1,Final,110,0.192322504,0.037505208,30.14866667,77.4515,182
S1,Final,111,0.189578246,0.044723958,29.99866667,80.4595,182
S1,Final,112,0.193577117,-0.076716146,29.85,73.3455,182
S1,Final,113,0.190608617,0.0006875,29.89366667,87.0825,182
S1,Final,114,0.192066233,0.029804688,30.00866667,109.1603333,182
S1,Final,115,0.191655088,0.037992187,30.06366667,104.8718333,182
S1,Final,116,0.193934829,-0.1805,29.99666667,97.332,182
S1,Final,117,0.195947608,0.135536458,29.85733333,87.92083333,182
S1,Final,118,0.194516713,0.009591146,29.718,88.8485,182
S1,Final,119,0.195712642,-0.025723958,29.658,67.8545,182
S1,Final,120,0.198360658,0.012122396,29.72266667,74.6595,182
S1,Final,121,0.193657204,-0.042473958,29.76133333,87.9625,182
S1,Final,122,0.198638379,-0.008002604,29.77233333,81.46316667,182
S1,Final,123,0.195338954,-0.228044271,29.80733333,90.74716667,182
S1,Final,124,0.194212388,0.250786458,29.76133333,76.17683333,182
S1,Final,125,0.188184821,0.010460938,29.706,73.319,182
S1,Final,126,0.19246665,-0.002510417,29.771,103.4171667,182
S1,Final,127,0.192605429,0.015682292,29.777,116.0035,182
S1,Final,128,0.189690408,-0.01815625,29.81233333,108.7023333,182
S1,Final,129,0.192477233,0.020335937,29.821,85.47433333,182
S1,Final,130,0.19529085,0.020481771,29.82233333,74.57033333,182
S1,Final,131,0.193390242,0.003432292,29.728,86.40416667,182
S1,Final,132,0.191430829,-0.152580729,29.661,84.74166667,182
S1,Final,133,0.195984946,0.067244792,29.657,77.23566667,182
S1,Final,134,0.193977513,-0.305192708,29.64933333,70.543,182
S1,Final,135,0.189215233,0.344882813,29.57333333,76.12933333,182
S1,Final,136,0.193785346,0.0263125,29.498,86.17733333,182
S1,Final,137,0.1907422,0.047315104,29.434,94.6755,182
S1,Final,138,0.195728642,-0.024502604,29.45666667,95.5575,182
S1,Final,139,0.196161104,-0.108604167,29.454,82.57616667,182
S1,Final,140,0.200747225,-0.734958333,29.26166667,99.59133333,182
S1,Final,141,0.205002371,1.046817708,29.09233333,81.97883333,182
S1,Final,142,0.202701225,-0.736815104,29.09833333,81.995,182
S1,Final,143,0.202952183,0.476669271,29.14766667,109.304,182
S1,Final,144,0.201601471,0.026497396,29.12633333,105.1943333,182
S1,Final,145,0.198568963,-0.041164062,29.05333333,95.86933333,182
S1,Final,146,0.200805946,0.045153646,29.04066667,82.82766667,182
S1,Final,147,0.199369792,-0.051276042,29.05333333,79.1575,182
S1,Final,148,0.203507417,0.048432292,29.164,90.50116667,182
S1,Final,149,0.210223767,-0.107375,29.20933333,95.085,182
S1,Final,150,0.211120663,0.042109375,29.42333333,83.254,182
S1,Final,151,0.204265538,0.048007813,29.62166667,80.73116667,182
S1,Final,152,0.207639738,-0.026455729,29.773,72.814,182
S1,Final,153,0.209043817,-0.152080729,29.801,75.031,182
S1,Final,154,0.203336563,-0.020265625,29.825,77.454,182
S1,Final,155,0.210506708,0.108171875,29.877,86.52433333,182
S1,Final,156,0.213832908,0.198809896,29.93433333,87.01383333,182
S1,Final,157,0.205312,-0.095726562,29.90466667,95.2495,182
S1,Final,158,0.210458675,-0.12103125,29.87066667,89.66216667,182
S1,Final,159,0.208990492,0.036997396,29.908,89.76733333,182
S1,Final,160,0.207538304,0.279106771,29.96633333,105.1968333,182
S1,Final,161,0.214153183,-0.067229167,30.02433333,91.88116667,182
S1,Final,162,0.206539912,0.043414062,30.054,97.9885,182
S1,Final,163,0.208424533,-0.250578125,30.01533333,75.738,182
S1,Final,164,0.215845633,0.047223958,29.99633333,69.3395,182
S1,Final,165,0.214825913,-0.154164062,30.051,78.91483333,182
S1,Final,166,0.213469738,0.113088542,30.06733333,72.62133333,182
S1,Final,167,0.207917421,0.067846354,30.048,88.13883333,182
S1,Final,168,0.218605808,0.129783854,30.10333333,84.53766667,182
S1,Final,169,0.223843263,-0.242692708,30.01933333,82.7595,182
S1,Final,170,0.213982325,0.018002604,30.007,80.213,182
S1,Final,171,0.217361821,-0.037268229,29.876,110.1623333,182
S1,Final,172,0.216571642,0.151997396,29.77333333,149.8153333,182
S1,Final,173,0.214259921,0.033411458,29.797,94.74716667,182
S1,Final,174,0.217879704,-0.114440104,29.816,107.2138333,182
S1,Final,175,0.219193083,0.057572917,29.836,95.7135,182
S1,Final,176,0.213672708,0.082953125,29.894,93.59183333,182
S1,Final,177,0.215674783,-0.017794271,29.824,77.87866667,182
S1,Final,178,0.218461617,-0.123984375,29.74866667,81.875,182
S1,Final,179,0.217762208,0.137552083,29.636,105.0466667,182
S10,Final,0,0.019592583,0.067786458,22.66733333,79.43433333,116
S10,Final,1,0.019896879,0.542578125,22.22233333,83.754,116
S10,Final,2,0.019955604,-0.608244792,21.985,107.8081667,116
S10,Final,3,0.019923571,-0.018481771,22.30166667,99.50333333,116
S10,Final,4,0.020051667,-0.005265625,22.35466667,76.29216667,116
S10,Final,5,0.020094371,0.010591146,22.217,74.63433333,116
S10,Final,6,0.020169104,-0.122164062,20.15466667,107.5166667,116
S10,Final,7,0.020014333,0.133223958,19.179,106.6561667,116
S10,Final,8,0.02012105,-0.065802083,19.40266667,129.0336667,116
S10,Final,9,0.020030325,0.074598958,17.81716667,101.9548333,116
S10,Final,10,0.019320383,0.008395833,19.33966667,86.306,116
S10,Final,11,0.018925417,-0.013606771,20.42066667,114.6698333,116
S10,Final,12,0.01887205,-0.003653646,20.59566667,137.0478333,116
S10,Final,13,0.018904075,0.005408854,21.01033333,127.2068333,116
S10,Final,14,0.01891475,0.002080729,21.153,117.5705,116
S10,Final,15,0.018957458,-0.000739583,21.14666667,114.6596667,116
S10,Final,16,0.018989479,-0.005677083,21.17166667,115.3586667,116
S10,Final,17,0.018968117,0.002479167,21.29333333,118.8843333,116
S10,Final,18,0.019005504,-0.047403646,21.34066667,112.5883333,116
S10,Final,19,0.019256346,0.125861979,20.52783333,88.51266667,116
S10,Final,20,0.058339704,-0.143348958,21.2165,87.12383333,116
S10,Final,21,0.055894788,0.392559896,26.274,80.84383333,116
S10,Final,22,0.163455987,-0.284361979,29.28633333,74.69833333,116
S10,Final,23,0.169744792,-0.047585937,29.677,81.2765,116
S10,Final,24,0.201514546,0.273835938,30.07466667,84.972,116
S10,Final,25,0.236893092,-0.193190104,30.076,88.82566667,116
S10,Final,26,0.25121125,-0.049083333,30.07766667,85.14216667,116
S10,Final,27,0.278277733,-0.014408854,30.12466667,79.492,116
S10,Final,28,0.309582867,0.032671875,30.23333333,79.86483333,116
S10,Final,29,0.335928737,0.287507813,30.21833333,84.65666667,116
S10,Final,30,0.366919088,0.341158854,30.04266667,82.7775,116
S10,Final,31,0.387563275,-0.614927083,30.08333333,74.86416667,116
S10,Final,32,0.226379663,0.333635417,30.19466667,85.266,116
S10,Final,33,0.11954635,-0.301966146,30.02933333,75.1235,116
S10,Final,34,0.125872533,-0.062721354,30.06666667,75.10583333,116
S10,Final,35,0.129000996,-0.127885417,30.26533333,74.94566667,116
S10,Final,36,0.114501304,0.074505208,30.40833333,75.07983333,116
S10,Final,37,0.131494025,0.159213542,30.409,81.86,116
S10,Final,38,0.130143408,-0.128903646,30.56266667,83.95216667,116
S10,Final,39,0.124836892,-0.024401042,30.635,81.39316667,116
S10,Final,40,0.133538721,0.011960937,30.889,84.6975,116
S10,Final,41,0.128509796,-0.107755208,30.905,87.096,116
S10,Final,42,0.139042742,0.077033854,30.767,80.82016667,116
S10,Final,43,0.157914483,-0.026140625,30.728,82.5015,116
S10,Final,44,0.158026629,-0.403164063,30.69133333,76.5255,116
S10,Final,45,0.147952792,0.841955729,30.81266667,70.80283333,116
S10,Final,46,0.174485313,-0.565083333,30.96,88.02033333,116
S10,Final,47,0.167716033,0.286630208,31.053,108.2415,116
S10,Final,48,0.183854508,-0.431682292,31.01433333,80.856,116
S10,Final,49,0.1835021,0.236700521,30.741,85.28783333,116
S10,Final,50,0.1626178,0.28040625,30.76066667,107.7138333,116
S10,Final,51,0.183213883,0.3473125,30.51266667,83.10916667,116
S10,Final,52,0.180587325,-0.664908854,30.427,81.34233333,116
S10,Final,53,0.170502817,0.15915625,30.53333333,82.60783333,116
S10,Final,54,0.164027133,-0.025505208,30.64366667,81.30883333,116
S10,Final,55,0.156814746,0.014369792,30.703,71.9605,116
S10,Final,56,0.155661654,0.314919271,30.52733333,84.6075,116
S10,Final,57,0.140521513,-0.318875,30.171,78.434,116
S10,Final,58,0.141001988,0.723713542,29.96466667,76.88166667,116
S10,Final,59,0.148289108,-0.505945313,30.13466667,77.71033333,116
S10,Final,60,0.153296679,-0.318335938,30.31333333,80.02683333,116
S10,Final,61,0.15341945,-0.409421875,30.24933333,83.74216667,116
S10,Final,62,0.137836271,0.580614583,30.044,78.01716667,116
S10,Final,63,0.138583667,-0.141369792,29.84233333,72.70866667,116
S10,Final,64,0.140356033,0.096875,30.04766667,101.6055,116
S10,Final,65,0.135551383,0.974643229,30.02833333,120.0905,116
S10,Final,66,0.133816333,-0.983882813,29.854,69.689,116
S10,Final,67,0.130954875,0.008151042,29.87133333,76.198,116
S10,Final,68,0.137820246,-0.205153646,29.935,71.26816667,116
S10,Final,69,0.137601375,-0.275106771,30.07533333,87.17966667,116
S10,Final,70,0.145107329,0.481440104,30.24333333,85.52983333,116
S10,Final,71,0.151759138,-0.057778646,30.18333333,85.8645,116
S10,Final,72,0.151652421,0.355208333,30.19533333,106.3228333,116
S10,Final,73,0.164294038,-0.219067708,30.505,91.91033333,116
S10,Final,74,0.156659946,-0.434986979,30.59766667,89.44033333,116
S10,Final,75,0.15542675,0.182265625,30.69633333,83.35266667,116
S10,Final,76,0.167315692,0.535205729,30.75666667,82.151,116
S10,Final,77,0.157033646,-0.736429687,30.75266667,71.52333333,116
S10,Final,78,0.162895375,0.431177083,30.92933333,75.96416667,116
S10,Final,79,0.148401238,-0.228052083,30.936,75.71883333,116
S10,Final,80,0.139186958,0.160135417,30.761,75.83166667,116
S10,Final,81,0.140660325,0.316763021,30.66866667,79.40133333,116
S10,Final,82,0.154262896,-0.346638021,30.52,80.82916667,116
S10,Final,83,0.14605225,-0.559747396,30.57566667,92.05533333,116
S10,Final,84,0.154396446,-0.435085937,30.37833333,98.13216667,116
S10,Final,85,0.161929125,1.760216146,30.63233333,80.68333333,116
S10,Final,86,0.161160383,-0.794148438,30.87466667,74.27016667,116
S10,Final,87,0.167518537,0.056046875,30.977,78.72616667,116
S10,Final,88,0.164379483,-0.211268229,30.997,83.54516667,116
S10,Final,89,0.167128821,0.202526042,30.85133333,84.32266667,116
S10,Final,90,0.163941771,-0.160752604,31.036,76.31833333,116
S10,Final,91,0.1664348,-0.079796875,30.86333333,85.1345,116
S10,Final,92,0.162495017,0.150875,30.626,110.342,116
S10,Final,93,0.172040313,0.032828125,30.68433333,83.38733333,116
S10,Final,94,0.176738233,0.203119792,30.79833333,82.67233333,116
S10,Final,95,0.176375183,0.045815104,30.65033333,80.11183333,116
S10,Final,96,0.182007329,-0.137236979,30.52633333,89.84,116
S10,Final,97,0.187901171,0.025028646,30.598,85.04216667,116
S10,Final,98,0.193186312,-0.060085937,30.79166667,82.34233333,116
S10,Final,99,0.187046942,-0.128213542,31.039,80.62966667,116
S10,Final,100,0.198882621,0.077653646,31.236,84.98566667,116
S10,Final,101,0.2061805,0.661419271,31.31666667,87.32566667,116
S10,Final,102,0.181724442,-0.925869792,30.99066667,91.4815,116
S10,Final,103,0.210269775,0.053875,30.97,90.181,116
S10,Final,104,0.188515042,0.199242188,31.08433333,81.03233333,116
S10,Final,105,0.202587542,-2.028963542,31.20733333,106.3603333,116
S10,Final,106,0.212266483,2.066244792,30.98466667,100.0345,116
S10,Final,107,0.2230236,-0.129796875,31.121,95.68233333,116
S10,Final,108,0.22284745,0.740596354,31.31266667,102.9586667,116
S10,Final,109,0.189790925,-0.656213542,31.19166667,86.16516667,116
S10,Final,110,0.225009458,-0.158958333,31.01933333,81.3315,116
S10,Final,111,0.213862708,0.084049479,31.197,76.79033333,116
S10,Final,112,0.205555896,-0.141325521,31.49766667,75.002,116
S10,Final,113,0.218389775,0.248554688,31.594,80.2625,116
S10,Final,114,0.230129229,-0.691539063,31.46366667,85.17283333,116
S10,Final,115,0.219777758,1.078979167,31.36733333,74.54133333,116
S10,Final,116,0.214156321,-0.331744792,31.119,69.2845,116
S10,Final,117,0.218016042,0.007861979,30.91033333,85.79783333,116
S10,Final,118,0.235238163,-0.660453125,30.904,84.93533333,116
S10,Final,119,0.221390033,0.452278646,30.89766667,94.25016667,116
S10,Final,120,0.2005483,0.661947917,30.75833333,77.74683333,116
S10,Final,121,0.190410233,0.033536458,30.68833333,77.56716667,116
S10,Final,122,0.183891875,-0.540166667,30.61033333,84.11566667,116
S10,Final,123,0.200836429,0.187184896,30.84733333,85.10433333,116
S10,Final,124,0.367340621,-0.545268229,31.093,91.43466667,116
S10,Final,125,0.259085483,0.589291667,31.21966667,72.56883333,116
S10,Final,126,0.239017879,-0.390401042,31.42333333,68.1005,116
S10,Final,127,0.230865908,0.443632812,31.48233333,81.37266667,116
S10,Final,128,0.226269421,-0.302075521,31.402,79.31983333,116
S10,Final,129,0.22258585,-0.083744792,31.60066667,75.29883333,116
S10,Final,130,0.258290017,0.158484375,31.67466667,74.90083333,116
S10,Final,131,0.251963833,-0.0480625,31.66233333,79.91883333,116
S10,Final,132,0.250148746,-0.036820312,31.84266667,89.10316667,116
S10,Final,133,0.260649646,-0.002513021,31.924,84.7305,116
S10,Final,134,0.237806013,0.108625,31.9275,86.20633333,116
S10,Final,135,0.211209437,0.121424479,31.47633333,77.7665,116
S10,Final,136,0.225100317,-0.133335937,31.11766667,86.869,116
S10,Final,137,0.201215567,-0.178835937,30.87766667,93.3815,116
S10,Final,138,0.218704717,0.124617187,30.773,84.4305,116
S10,Final,139,0.236434033,0.084578125,31.03566667,95.5945,116
S10,Final,140,0.218907579,-0.3361875,30.99366667,99.97466667,116
S10,Final,141,0.220381079,0.280549479,31.20033333,92.17516667,116
S10,Final,142,0.217044475,-0.021570313,31.406,77.2735,116
S10,Final,143,0.225036233,-0.044195312,31.441,78.26583333,116
S10,Final,144,0.244911617,0.088098958,31.373,69.79566667,116
S10,Final,145,0.239530354,-0.137463542,31.45933333,81.00533333,116
S10,Final,146,0.231970971,-0.114244792,31.54,84.79883333,116
S10,Final,147,0.251979929,0.095802083,31.47833333,80.763,116
S10,Final,148,0.207467046,-0.051971354,31.22333333,80.28633333,116
S10,Final,149,0.195914413,0.191747396,30.91366667,76.56783333,116
S10,Final,150,0.213270121,0.027778646,30.86366667,76.79183333,116
S10,Final,151,0.215715183,-0.561377604,31.05433333,80.30566667,116
S10,Final,152,0.239989483,0.337111979,31.06233333,99.72266667,116
S10,Final,153,0.240122967,0.148546875,31.128,97.4905,116
S10,Final,154,0.239663842,-0.735377604,31.06866667,88.513,116
S10,Final,155,0.243027104,0.700393229,31.11766667,91.09083333,116
S10,Final,156,0.235393021,-0.35578125,31.09233333,81.11066667,116
S10,Final,157,0.214343142,0.425794271,30.95666667,58.8905,116
S10,Final,158,0.228639762,-0.018755208,30.84333333,65.31616667,116
S10,Final,159,0.236257883,0.055541667,31.18666667,75.79633333,116
S10,Final,160,0.226899392,-1.401526042,31.145,67.70933333,116
S10,Final,161,0.239268804,1.292966146,31.22666667,76.53683333,116
S10,Final,162,0.226258817,0.687002604,31.151,80.8225,116
S10,Final,163,0.222890129,-0.697304688,30.716,73.43033333,116
S10,Final,164,0.22607725,-0.343351563,30.91933333,81.92066667,116
S10,Final,165,0.223877788,0.335578125,30.70566667,82.50066667,116
S10,Final,166,0.236257913,0.08390625,31.04933333,80.26483333,116
S10,Final,167,0.245552242,-0.021416667,31.04466667,77.36833333,116
S10,Final,168,0.217498175,-0.076130208,31.30766667,78.712,116
S10,Final,169,0.202918542,-0.113976563,31.00266667,86.26133333,116
S10,Final,170,0.207894158,0.404791667,30.94433333,88.43583333,116
S10,Final,171,0.202758433,-0.248622396,30.7,81.88,116
S10,Final,172,0.216852242,0.013434896,30.65333333,72.9635,116
S10,Final,173,0.216766842,-0.106036458,30.44333333,72.033,116
S10,Final,174,0.215960708,-0.025052083,30.761,78.79516667,116
S10,Final,175,0.192081188,0.072385417,31.31366667,74.14716667,116
S10,Final,176,0.248381717,0.223596354,31.12766667,64.98533333,116
S10,Final,177,0.213254013,-0.157317708,31.26666667,82.65133333,116
S10,Final,178,0.196053083,-0.232924479,31.42,88.2095,116
S10,Final,179,0.194083154,0.278677083,30.83066667,116.722,116
S2,Final,0,0.017901254,0.037619792,22.91833333,82.37083333,180
S2,Final,1,0.015440063,-0.002940104,22.64233333,76.20933333,180
S2,Final,2,0.015327946,-0.035039063,22.61333333,100.9508333,180
S2,Final,3,0.015472121,0.001664063,22.66933333,94.37233333,180
S2,Final,4,0.015343992,-0.066572917,22.724,79.12316667,180
S2,Final,5,0.015173167,0.028010417,22.70633333,85.40833333,180
S2,Final,6,0.015493467,-0.639721354,21.743,110.4261667,180
S2,Final,7,0.014986283,-1.099877604,21.51933333,97.31866667,180
S2,Final,8,0.015285254,1.946320313,21.64833333,79.993,180
S2,Final,9,0.014724667,-0.11078125,20.60183333,106.3598333,180
S2,Final,10,0.015269258,0.003796875,20.89166667,126.222,180
S2,Final,11,0.014409767,-0.027388021,21.30233333,116.1043333,180
S2,Final,12,0.014436458,-0.007893229,21.35133333,123.9283333,180
S2,Final,13,0.014489863,-0.025625,21.43433333,135.2766667,180
S2,Final,14,0.0143564,-0.019291667,21.462,140.7111667,180
S2,Final,15,0.0139506,0.035210938,21.46833333,106.8863333,180
S2,Final,16,0.014399108,-0.019776042,21.48733333,117.1591667,180
S2,Final,17,0.014495217,0.019630208,21.51966667,114.9566667,180
S2,Final,18,0.020506738,0.062221354,22.69866667,113.1675,180
S2,Final,19,0.281668558,0.092815104,29.28433333,116.1461667,180
S2,Final,20,0.250345475,-0.243104167,29.735,112.8936667,180
S2,Final,21,0.203261854,-0.270572917,30.03333333,125.7648333,180
S2,Final,22,0.214163879,-0.221768229,30.255,127.6381667,180
S2,Final,23,0.222359067,0.93,30.49433333,111.3916667,180
S2,Final,24,0.259432271,0.082122396,30.70666667,116.2215,180
S2,Final,25,0.297231304,-0.663460937,30.81766667,114.676,180
S2,Final,26,0.379898683,0.517041667,30.91666667,93.53816667,180
S2,Final,27,0.431280096,-0.317888021,31.08966667,94.52116667,180
S2,Final,28,0.493782171,-1.287190104,31.35333333,108.8235,180
S2,Final,29,0.534229571,1.214515625,31.43566667,113.2476667,180
S2,Final,30,0.554565383,0.196601563,31.442,97.75866667,180
S2,Final,31,0.538132292,-0.080643229,31.413,106.0221667,180
S2,Final,32,0.484447117,-0.50796875,31.416,110.5058333,180
S2,Final,33,0.418786938,0.671330729,31.488,107.2216667,180
S2,Final,34,0.373454642,-0.352255208,31.63333333,98.37566667,180
S2,Final,35,0.297685167,0.263041667,31.82233333,105.971,180
S2,Final,36,0.264808304,-0.090966146,32.00283333,108.1043333,180
S2,Final,37,0.216576871,-1.480723958,32.11733333,111.6895,180
S2,Final,38,0.19895335,1.346888021,32.18716667,110.2201667,180
S2,Final,39,0.168249458,0.421023438,32.27633333,109.8141667,180
S2,Final,40,0.137908529,-0.350289063,32.37583333,112.9038333,180
S2,Final,41,0.12662745,0.074838542,32.43,111.7146667,180
S2,Final,42,0.115458529,0.045226563,32.44266667,112.0921667,180
S2,Final,43,0.129617263,-0.091986979,32.47483333,110.9653333,180
S2,Final,44,0.17088155,0.269294271,32.432,99.5745,180
S2,Final,45,0.153882496,-0.15165625,32.43466667,93.6455,180
S2,Final,46,0.121646283,-0.232421875,32.5905,98.301,180
S2,Final,47,0.099943721,0.423369792,32.71483333,100.3691667,180
S2,Final,48,0.088603925,-0.325875,32.84766667,105.0873333,180
S2,Final,49,0.092827,-0.222325521,32.97666667,107.0961667,180
S2,Final,50,0.091812596,0.075989583,33.03416667,107.7945,180
S2,Final,51,0.089367383,0.490252604,33.09033333,108.1813333,180
S2,Final,52,0.0964948,-0.376877604,33.143,108.0448333,180
S2,Final,53,0.089992021,-0.485973958,33.24633333,111.5096667,180
S2,Final,54,0.094375246,0.688424479,33.29933333,113.7485,180
S2,Final,55,0.095362983,-0.132859375,33.308,89.99733333,180
S2,Final,56,0.093958808,0.131018229,33.3275,77.78583333,180
S2,Final,57,0.095806071,-0.038361979,33.42483333,95.59966667,180
S2,Final,58,0.099933046,0.089036458,33.53433333,91.21883333,180
S2,Final,59,0.098737142,-0.430109375,33.626,80.63966667,180
S2,Final,60,0.095704642,0.627388021,33.77766667,111.3848333,180
S2,Final,61,0.090670058,-0.881578125,33.902,120.2515,180
S2,Final,62,0.097829504,0.512825521,33.954,115.9781667,180
S2,Final,63,0.100958129,-0.03490625,34.02416667,107.699,180
S2,Final,64,0.101155654,-0.130549479,34.10433333,111.609,180
S2,Final,65,0.099868975,0.368747396,34.146,108.3236667,180
S2,Final,66,0.09576335,-0.358765625,34.18983333,98.45,180
S2,Final,67,0.094097658,0.092981771,34.22633333,108.2528333,180
S2,Final,68,0.1017963,0.162622396,34.28466667,104.0386667,180
S2,Final,69,0.097156833,0.304669271,34.32566667,108.8485,180
S2,Final,70,0.093761271,-0.321440104,34.38466667,119.2536667,180
S2,Final,71,0.099185596,0.218489583,34.39366667,115.104,180
S2,Final,72,0.095352271,-0.391130208,34.45366667,107.262,180
S2,Final,73,0.100637746,0.133359375,34.48733333,108.4871667,180
S2,Final,74,0.103339267,-0.164330729,34.50866667,107.791,180
S2,Final,75,0.103744996,0.003934896,34.587,114.0996667,180
S2,Final,76,0.104252221,0.016481771,34.6775,114.0013333,180
S2,Final,77,0.105981979,0.122622396,34.74466667,114.7108333,180
S2,Final,78,0.109842004,-0.115390625,34.8005,119.2518333,180
S2,Final,79,0.106088817,0.196914063,34.82666667,117.9695,180
S2,Final,80,0.1021113,-0.293893229,34.86333333,115.4111667,180
S2,Final,81,0.102703929,0.201635417,34.86883333,116.2655,180
S2,Final,82,0.103969238,-0.257984375,34.88966667,109.2593333,180
S2,Final,83,0.10731675,0.293726563,34.96516667,112.6505,180
S2,Final,84,0.108427233,0.021432292,35.0465,110.7328333,180
S2,Final,85,0.107615738,-0.230721354,35.109,117.0405,180
S2,Final,86,0.109377546,0.232354167,35.15833333,117.6185,180
S2,Final,87,0.110423958,0.136523437,35.21516667,115.3725,180
S2,Final,88,0.110600117,-0.243778646,35.262,115.4601667,180
S2,Final,89,0.106473192,-0.435807292,35.27633333,113.7693333,180
S2,Final,90,0.107231308,0.507205729,35.26733333,96.73166667,180
S2,Final,91,0.1070071,0.066726562,35.274,93.6105,180
S2,Final,92,0.103942538,-0.014510417,35.31966667,111.1013333,180
S2,Final,93,0.104615292,-0.105101563,35.3815,110.8031667,180
S2,Final,94,0.104198846,0.870143229,35.442,112.7528333,180
S2,Final,95,0.101433254,-0.575447917,35.48383333,116.3543333,180
S2,Final,96,0.108907692,-0.362164062,35.488,114.5186667,180
S2,Final,97,0.106339692,0.373023438,35.53283333,115.3846667,180
S2,Final,98,0.104166779,-0.32121875,35.58266667,112.0045,180
S2,Final,99,0.107743825,0.200760417,35.57133333,107.936,180
S2,Final,100,0.10576845,-0.2485,35.584,114.608,180
S2,Final,101,0.1041027,-0.108877604,35.58366667,110.94,180
S2,Final,102,0.105949988,0.205174479,35.62716667,111.9565,180
S2,Final,103,0.102362238,0.018440104,35.65733333,108.6208333,180
S2,Final,104,0.116200683,-0.073596354,35.68933333,104.3106667,180
S2,Final,105,0.127625883,-0.600557292,35.76166667,108.9345,180
S2,Final,106,0.14143755,1.103440104,35.77633333,101.5905,180
S2,Final,107,0.122698071,-0.645075521,35.77533333,97.12983333,180
S2,Final,108,0.119516075,0.0091875,35.77933333,104.2928333,180
S2,Final,109,0.11475915,0.224356771,35.824,102.6096667,180
S2,Final,110,0.112404683,-0.011513021,35.84516667,104.1638333,180
S2,Final,111,0.112084371,-0.229049479,35.80783333,101.7455,180
S2,Final,112,0.107535642,0.346710938,35.76466667,102.497,180
S2,Final,113,0.1077652,0.054346354,35.81383333,106.7023333,180
S2,Final,114,0.106329029,-0.172747396,35.8535,108.5446667,180
S2,Final,115,0.109313458,0.661213542,35.87483333,104.4011667,180
S2,Final,116,0.111016563,-0.698028646,35.86583333,103.4753333,180
S2,Final,117,0.113504546,-0.187513021,35.863,102.2515,180
S2,Final,118,0.124070163,1.107601563,35.86416667,107.8263333,180
S2,Final,119,0.139083125,-0.878921875,35.81833333,108.6078333,180
S2,Final,120,0.129483783,0.056640625,35.806,106.6995,180
S2,Final,121,0.125025829,-0.081119792,35.84016667,102.6715,180
S2,Final,122,0.129766737,0.067929687,35.8775,104.1545,180
S2,Final,123,0.131993071,-0.507247396,35.8595,112.255,180
S2,Final,124,0.128896496,0.391421875,35.83266667,106.0296667,180
S2,Final,125,0.126157683,-0.407375,35.812,110.6623333,180
S2,Final,126,0.124262358,0.446304688,35.79333333,107.326,180
S2,Final,127,0.126889088,-0.31903125,35.81333333,108.4485,180
S2,Final,128,0.128058325,0.363609375,35.8265,107.6503333,180
S2,Final,129,0.118384263,0.171950521,35.82166667,111.3608333,180
S2,Final,130,0.126894433,-0.423104167,35.827,115.9088333,180
S2,Final,131,0.124000758,0.861528646,35.79066667,113.5721667,180
S2,Final,132,0.121384704,-0.548510417,35.79833333,113.032,180
S2,Final,133,0.126323171,-0.069830729,35.8435,108.6048333,180
S2,Final,134,0.123210621,0.082351562,35.85916667,109.1586667,180
S2,Final,135,0.124668138,-0.071963542,35.91633333,107.8276667,180
S2,Final,136,0.1297774,-0.050200521,35.91366667,111.1901667,180
S2,Final,137,0.131560638,-0.581794271,35.876,107.424,180
S2,Final,138,0.124876317,0.376427083,35.84083333,107.0936667,180
S2,Final,139,0.151170313,0.043263021,35.7905,107.1183333,180
S2,Final,140,0.138228913,0.206705729,35.736,99.946,180
S2,Final,141,0.127823375,-0.154880208,35.71383333,99.51533333,180
S2,Final,142,0.128351933,-0.021963542,35.68383333,98.016,180
S2,Final,143,0.123151875,-0.890195313,35.707,102.9261667,180
S2,Final,144,0.129643938,0.922484375,35.743,107.517,180
S2,Final,145,0.135954575,-0.088945313,35.772,105.1813333,180
S2,Final,146,0.130177854,-0.035302083,35.817,99.34983333,180
S2,Final,147,0.123050429,0.128632812,35.82966667,97.56983333,180
S2,Final,148,0.122372363,0.088153646,35.84066667,100.1705,180
S2,Final,149,0.122585958,0.873929688,35.8525,100.7586667,180
S2,Final,150,0.122174875,-0.467606771,35.82333333,97.81,180
S2,Final,151,0.119510758,-0.362838542,35.817,107.185,180
S2,Final,152,0.120183417,-1.138203125,35.81733333,104.7808333,180
S2,Final,153,0.113990342,0.747484375,35.84483333,106.2321667,180
S2,Final,154,0.115586688,0.293223958,35.89033333,104.986,180
S2,Final,155,0.118790033,-0.641403646,35.95066667,99.79866667,180
S2,Final,156,0.120530508,0.701119792,35.99233333,101.0941667,180
S2,Final,157,0.125490288,-0.1343125,36.024,103.7423333,180
S2,Final,158,0.126120313,-0.098578125,36.0265,106.1106667,180
S2,Final,159,0.126050917,-0.244059896,36.01233333,104.2805,180
S2,Final,160,0.126515367,0.191177083,36.03383333,101.3106667,180
S2,Final,161,0.121886546,-0.041333333,36.04233333,103.5136667,180
S2,Final,162,0.136007933,0.878143229,36.0135,113.5138333,180
S2,Final,163,0.151496046,-0.513278646,35.97633333,101.5043333,180
S2,Final,164,0.140642083,0.022096354,35.91733333,96.01433333,180
S2,Final,165,0.128261163,-0.338260417,35.882,106.2853333,180
S2,Final,166,0.145804771,0.617796875,35.83266667,106.7103333,180
S2,Final,167,0.130428771,-0.753601562,35.8225,103.7353333,180
S2,Final,168,0.122377742,0.444588542,35.84383333,105.3643333,180
S2,Final,169,0.126077592,-0.091947917,35.8405,107.296,180
S2,Final,170,0.126467304,-0.045419271,35.81166667,108.8708333,180
S2,Final,171,0.124192958,1.565304687,35.79433333,103.6878333,180
S2,Final,172,0.140428517,-1.899731771,35.764,87.55166667,180
S2,Final,173,0.160086321,-1.059901042,35.74666667,88.22066667,180
S2,Final,174,0.173817921,1.269721354,35.71916667,95.6785,180
S2,Final,175,0.1491896,0.312148438,35.75466667,95.98633333,180
S2,Final,176,0.139237954,0.035523437,35.81816667,99.8035,180
S2,Final,177,0.135121671,0.097914063,35.873,98.10916667,180
S2,Final,178,0.133989808,-0.114942708,35.90633333,101.1436667,180
S2,Final,179,0.131256296,-0.194921875,35.902,98.08816667,180
S3,Final,0,0.003486433,0.453057292,21.83866667,124.5636667,188
S3,Final,1,0.0012866,-0.421729167,21.84766667,112.6895,188
S3,Final,2,0.001169146,0.0445625,21.73633333,117.0366667,188
S3,Final,3,0.001067708,-0.039960937,22.04066667,114.8788333,188
S3,Final,4,0.001003646,-0.005171875,22.14,104.6805,188
S3,Final,5,0.000736667,-0.168205729,22.11033333,143.4766667,188
S3,Final,6,0.000864796,0.46340625,20.91933333,121.985,188
S3,Final,7,0.000774046,-0.383682292,19.54083333,129.9988333,188
S3,Final,8,0.001265263,-0.233838542,19.59783333,125.6776667,188
S3,Final,9,0.001345304,0.312971354,18.90616667,110.4871667,188
S3,Final,10,0.001254558,-0.001171875,19.43733333,106.228,188
S3,Final,11,0.001222521,0.128234375,20.62066667,133.8938333,188
S3,Final,12,0.042989,-0.594414063,22.00366667,115.5988333,188
S3,Final,13,0.357670254,0.32090625,21.74933333,84.2285,188
S3,Final,14,0.000491083,0.172697917,21.757,81.44933333,188
S3,Final,15,0.264050271,0.634169271,26.38933333,84.79016667,188
S3,Final,16,0.332183717,-5.828783854,28.125,77.31033333,188
S3,Final,17,0.416077046,6.705403646,28.216,80.29816667,188
S3,Final,18,0.482327446,-0.383111979,28.44033333,82.1555,188
S3,Final,19,0.466155038,-1.08215625,28.43833333,82.24766667,188
S3,Final,20,0.377972717,-0.183046875,28.33533333,81.85916667,188
S3,Final,21,0.36464605,-0.118721354,28.39133333,81.98183333,188
S3,Final,22,0.500058896,0.569119792,28.30433333,96.51966667,188
S3,Final,23,0.5927503,-0.101445313,28.22633333,77.75783333,188
S3,Final,24,0.684918008,0.653796875,28.12133333,102.0076667,188
S3,Final,25,0.834202067,-0.787643229,28.15266667,108.727,188
S3,Final,26,0.873236954,-0.205809896,28.14366667,96.71316667,188
S3,Final,27,0.88107555,-0.745559896,28.18333333,100.5291667,188
S3,Final,28,0.989118688,0.815591146,28.18133333,84.02266667,188
S3,Final,29,1.000517896,-0.963049479,28.21333333,81.52683333,188
S3,Final,30,0.931391217,1.027260417,28.02366667,83.57433333,188
S3,Final,31,0.906692083,-0.201359375,28.34666667,78.179,188
S3,Final,32,0.949624617,0.046700521,28.319,98.44216667,188
S3,Final,33,1.005910454,-0.439768229,27.93166667,154.653,188
S3,Final,34,0.961189283,0.971989583,27.91466667,92.29116667,188
S3,Final,35,0.655199713,0.280164063,27.566,92.23583333,188
S3,Final,36,0.445033013,-1.835442708,27.927,81.7855,188
S3,Final,37,0.467948896,1.973476563,28.73533333,74.367,188
S3,Final,38,0.406238392,-0.435520833,29.188,97.3135,188
S3,Final,39,0.298584083,-0.906635417,29.795,96.542,188
S3,Final,40,0.297254663,0.773221354,30.564,90.527,188
S3,Final,41,0.236366425,-0.198143229,30.90933333,92.9145,188
S3,Final,42,0.205169517,0.066018229,31.161,92.0355,188
S3,Final,43,0.163614463,-0.679221354,30.99566667,79.306,188
S3,Final,44,0.140437008,0.802927083,30.962,93.27233333,188
S3,Final,45,0.126704592,-1.256109375,30.94933333,98.6635,188
S3,Final,46,0.125743579,0.655096354,30.987,88.46766667,188
S3,Final,47,0.134569442,0.127820312,31.003,92.7295,188
S3,Final,48,0.283271396,0.313736979,30.956,89.208,188
S3,Final,49,0.255710363,-0.085088542,30.90966667,73.9635,188
S3,Final,50,0.239484546,-0.009791667,30.96933333,75.96183333,188
S3,Final,51,0.2475574,-1.326273438,31.07733333,87.3165,188
S3,Final,52,0.250755596,1.257229167,31.255,68.218,188
S3,Final,53,0.244540838,0.050653646,31.442,65.85433333,188
S3,Final,54,0.2142301,0.200789063,31.63966667,95.74566667,188
S3,Final,55,0.222190933,0.204231771,31.79966667,116.3175,188
S3,Final,56,0.214139371,-0.833835938,31.83966667,102.316,188
S3,Final,57,0.221005558,0.486283854,31.878,93.56183333,188
S3,Final,58,0.224534721,-0.910380208,31.891,92.27,188
S3,Final,59,0.208613283,0.628786458,31.90633333,87.026,188
S3,Final,60,0.214587804,0.291338542,32.06266667,89.663,188
S3,Final,61,0.206119942,0.073078125,32.13766667,76.41916667,188
S3,Final,62,0.220471608,-1.067132813,32.12933333,83.15983333,188
S3,Final,63,0.227679613,1.495106771,32.2275,108.072,188
S3,Final,64,0.204014917,-0.63890625,32.21366667,82.66433333,188
S3,Final,65,0.109635146,0.341377604,32.12616667,86.3685,188
S3,Final,66,0.142610021,-0.259828125,32.06333333,87.48916667,188
S3,Final,67,0.122983188,-0.113484375,32.052,88.54233333,188
S3,Final,68,0.107638296,0.715507813,32.0955,77.867,188
S3,Final,69,0.116933846,-0.601955729,32.2205,74.449,188
S3,Final,70,0.102998471,-0.873291667,32.25166667,86.61216667,188
S3,Final,71,0.109282804,0.994713542,32.37983333,89.51833333,188
S3,Final,72,0.119987888,-0.145197917,32.40733333,84.45783333,188
S3,Final,73,0.127542863,0.360138021,32.31166667,72.39616667,188
S3,Final,74,0.155813879,0.298236979,32.27266667,74.70716667,188
S3,Final,75,0.1360962,-0.245408854,32.175,98.14566667,188
S3,Final,76,0.162824279,-1.931627604,32.1225,92.53533333,188
S3,Final,77,0.181831796,1.462304687,32.1045,76.978,188
S3,Final,78,0.156411908,0.269981771,32.05766667,71.78366667,188
S3,Final,79,0.134489133,-1.474942708,31.95833333,86.4125,188
S3,Final,80,0.113319213,1.377945313,31.95616667,102.014,188
S3,Final,81,0.124750467,-0.092091146,32.02216667,89.989,188
S3,Final,82,0.111247529,-0.020497396,31.99766667,89.49783333,188
S3,Final,83,0.097883571,0.008554688,32.09583333,89.94733333,188
S3,Final,84,0.097878229,1.03378125,32.30916667,90.21233333,188
S3,Final,85,0.117969663,-1.044158854,32.39016667,86.9255,188
S3,Final,86,0.124083008,-0.895190104,32.41766667,81.814,188
S3,Final,87,0.124462158,1.809041667,32.38733333,67.7675,188
S3,Final,88,0.122326471,-0.076104167,32.36583333,68.83066667,188
S3,Final,89,0.110254458,-1.056453125,32.31683333,66.199,188
S3,Final,90,0.14371525,2.791182292,32.30266667,81.25516667,188
S3,Final,91,0.134339654,-2.36603125,32.237,76.72433333,188
S3,Final,92,0.156523975,-0.26996875,32.11016667,75.20116667,188
S3,Final,93,0.129844038,0.252861979,32.08566667,75.42133333,188
S3,Final,94,0.134051292,-0.054528646,32.17366667,81.60366667,188
S3,Final,95,0.135236621,0.0283125,32.214,89.421,188
S3,Final,96,0.109053213,-1.258765625,32.32683333,82.495,188
S3,Final,97,0.118770483,1.593807292,32.45433333,84.16683333,188
S3,Final,98,0.113324525,-0.665229167,32.69033333,80.01916667,188
S3,Final,99,0.095160563,2.227804688,32.77433333,86.76316667,188
S3,Final,100,0.121642954,0.018679688,32.69066667,78.61783333,188
S3,Final,101,0.180416917,-1.993057292,32.75966667,71.428,188
S3,Final,102,0.192088425,1.424638021,32.6155,85.754,188
S3,Final,103,0.159914371,-1.694979167,32.627,95.76983333,188
S3,Final,104,0.175803846,0.395364583,32.60266667,101.1285,188
S3,Final,105,0.210546029,-0.246361979,32.608,112.2381667,188
S3,Final,106,0.24092075,0.421679687,32.60716667,109.1523333,188
S3,Final,107,0.259613329,-0.367231771,32.47816667,133.1076667,188
S3,Final,108,0.293277038,-0.005148438,32.4035,108.6821667,188
S3,Final,109,0.274814063,0.013351563,32.34016667,96.28383333,188
S3,Final,110,0.258080896,0.756401042,32.27383333,95.19566667,188
S3,Final,111,0.269779146,0.219364583,32.31933333,103.531,188
S3,Final,112,0.243040421,-0.703234375,32.39683333,89.1775,188
S3,Final,113,0.2307976,-0.516765625,32.39016667,81.84666667,188
S3,Final,114,0.224636179,0.191533854,32.53216667,83.50816667,188
S3,Final,115,0.244439304,-0.162546875,32.7445,84.69283333,188
S3,Final,116,0.251241421,0.579703125,33.04833333,88.417,188
S3,Final,117,0.219894954,-0.362294271,33.1695,73.38433333,188
S3,Final,118,0.189061104,0.170020833,33.22833333,74.80133333,188
S3,Final,119,0.1462407,-0.070460938,33.21116667,83.03733333,188
S3,Final,120,0.112870725,-0.0611875,33.16333333,93.78433333,188
S3,Final,121,0.119870363,0.173828125,33.148,75.56933333,188
S3,Final,122,0.137238838,-0.139984375,33.1805,76.70616667,188
S3,Final,123,0.141211158,0.334104167,33.1245,86.475,188
S3,Final,124,0.110008821,-0.109273438,33.00916667,100.3211667,188
S3,Final,125,0.10045705,0.337239583,32.896,92.51433333,188
S3,Final,126,0.102523292,-0.789375,32.78216667,93.2925,188
S3,Final,127,0.104824496,0.636104167,32.74616667,72.05533333,188
S3,Final,128,0.100051246,-0.295229167,32.79166667,76.196,188
S3,Final,129,0.092528421,-0.194169271,32.77633333,74.022,188
S3,Final,130,0.148456479,0.435986979,32.71933333,73.385,188
S3,Final,131,0.451861933,-2.237992188,32.68583333,86.7135,188
S3,Final,132,0.458247613,1.57615625,32.67416667,89.72733333,188
S3,Final,133,0.371651088,-1.999489583,32.568,93.904,188
S3,Final,134,0.506610092,2.373984375,32.51083333,89.5795,188
S3,Final,135,0.369510079,-0.634020833,32.43366667,74.442,188
S3,Final,136,0.416436279,0.511315104,32.40433333,77.94033333,188
S3,Final,137,0.347864983,-0.023119792,32.33066667,85.833,188
S3,Final,138,0.309993979,-0.336460937,32.22066667,85.37483333,188
S3,Final,139,0.419981542,-0.835119792,32.2205,89.0645,188
S3,Final,140,0.437125667,2.188747396,32.25266667,92.94116667,188
S3,Final,141,0.371992771,-0.743382813,32.253,74.0595,188
S3,Final,142,0.350614617,-0.176598958,32.29333333,72.15683333,188
S3,Final,143,0.370369633,-0.159440104,32.28616667,78.23566667,188
S3,Final,144,0.474462754,-0.143348958,32.23883333,78.57516667,188
S3,Final,145,0.48658805,0.241528646,32.2785,86.3455,188
S3,Final,146,0.536931379,-0.265416667,32.299,99.62466667,188
S3,Final,147,0.413489058,0.149492187,32.344,88.976,188
S3,Final,148,0.335931867,0.099888021,32.31,89.37933333,188
S3,Final,149,0.299641204,0.651315104,32.193,74.29116667,188
S3,Final,150,0.268812733,-0.646716146,32.18283333,72.8035,188
S3,Final,151,0.246249321,0.527729167,32.089,79.09766667,188
S3,Final,152,0.235384054,-0.681044271,32.01133333,66.71233333,188
S3,Final,153,0.212462825,0.039856771,31.96033333,63.86066667,188
S3,Final,154,0.229473508,0.021255208,31.96116667,61.374,188
S3,Final,155,0.395020771,-0.835723958,31.96466667,70.41916667,188
S3,Final,156,0.40567245,1.998526042,31.90466667,82.26233333,188
S3,Final,157,0.4047915,-1.153723958,31.79433333,83.59866667,188
S3,Final,158,0.498825496,-0.065497396,31.76966667,94.4475,188
S3,Final,159,0.505099067,-0.351830729,31.76133333,90.91833333,188
S3,Final,160,0.524902171,0.544354167,31.72933333,69.17583333,188
S3,Final,161,0.590099133,-1.519648438,31.78666667,80.14416667,188
S3,Final,162,0.542665671,1.987619792,31.834,85.336,188
S3,Final,163,0.491686971,-0.413765625,31.842,79.45683333,188
S3,Final,164,0.449550021,0.133765625,31.8,91.134,188
S3,Final,165,0.524699246,-0.127536458,31.79333333,80.10083333,188
S3,Final,166,0.644922054,0.573229167,31.74933333,84.27866667,188
S3,Final,167,0.769736554,0.05425,31.60333333,90.43066667,188
S3,Final,168,0.772267304,-1.537942708,31.58033333,82.8785,188
S3,Final,169,0.776202321,0.880044271,31.54633333,78.74783333,188
S3,Final,170,0.696968571,-0.478549479,31.642,83.20816667,188
S3,Final,171,0.650464108,0.252541667,31.40133333,82.55616667,188
S3,Final,172,0.518665983,0.52515625,31.40033333,67.62766667,188
S3,Final,173,0.470645192,-2.399502604,31.533,74.91433333,188
S3,Final,174,0.410066592,1.790242188,31.519,67.4995,188
S3,Final,175,0.339765363,0.072221354,31.508,82.463,188
S3,Final,176,0.319262858,1.349046875,31.60933333,91.57783333,188
S3,Final,177,0.296400388,-1.073140625,31.72766667,74.927,188
S3,Final,178,0.319465742,-0.2335,31.76466667,73.05833333,188
S3,Final,179,0.397444771,-1.090911458,31.80866667,78.69233333,188
S4,Final,0,0.007389213,-0.379770833,21.90033333,99.81383333,149
S4,Final,1,0,-0.265208333,21.63766667,79.44166667,149
S4,Final,2,0,0.910481771,21.57966667,88.06733333,149
S4,Final,3,0,0.313726563,21.665,83.42633333,149
S4,Final,4,0,-0.616039063,21.709,74.173,149
S4,Final,5,0,-0.136653646,21.726,85.92766667,149
S4,Final,6,1.60E-05,0.110375,21.12533333,108.1226667,149
S4,Final,7,0,0.69921875,20.82366667,95.53516667,149
S4,Final,8,4.80E-05,-0.699518229,20.95966667,104.7035,149
S4,Final,9,0,-0.042203125,20.58883333,85.08816667,149
S4,Final,10,0.002599721,0.120565104,20.56733333,97.69433333,149
S4,Final,11,0,-0.002705729,20.59466667,111.1763333,149
S4,Final,12,0,0.010026042,20.61333333,111.02,149
S4,Final,13,0.749893492,-0.066072917,26.89466667,122.9313333,149
S4,Final,14,0.914866258,0.094554687,28.34033333,106.3955,149
S4,Final,15,0.953947842,-0.126570313,28.62833333,97.51566667,149
S4,Final,16,1.282871279,0.404338542,28.68566667,126.0393333,149
S4,Final,17,1.642164863,-0.473502604,28.81333333,110.5075,149
S4,Final,18,2.027472029,0.481877604,28.77233333,88.80716667,149
S4,Final,19,2.096830117,-0.253466146,28.89933333,81.11666667,149
S4,Final,20,1.917162692,-0.318955729,28.82666667,84.771,149
S4,Final,21,1.962954142,0.611705729,28.811,81.37483333,149
S4,Final,22,2.147458267,-0.311911458,28.867,94.68733333,149
S4,Final,23,2.246630863,0.025710938,28.899,94.14783333,149
S4,Final,24,2.188626383,-1.197083333,29.185,85.44433333,149
S4,Final,25,2.673917637,1.029197917,29.095,93.8395,149
S4,Final,26,2.777738492,-0.420013021,29.25133333,97.86383333,149
S4,Final,27,2.457596883,0.875859375,28.99933333,79.1405,149
S4,Final,28,2.464324404,-0.4425,29.33833333,81.593,149
S4,Final,29,2.565686988,0.117799479,29.21666667,78.8855,149
S4,Final,30,2.317089146,-0.027804687,29.13566667,105.493,149
S4,Final,31,2.362239963,0.105177083,29.077,98.593,149
S4,Final,32,2.401022258,0.144013021,29.109,79.24966667,149
S4,Final,33,2.749365775,-0.216596354,29.38566667,74.939,149
S4,Final,34,2.486702446,0.549148437,29.494,79.92533333,149
S4,Final,35,2.049205371,-0.559979167,29.75566667,80.64133333,149
S4,Final,36,2.143639117,-0.205221354,30.00133333,83.114,149
S4,Final,37,1.895339529,0.04409375,30.33133333,69.8405,149
S4,Final,38,1.645478467,0.120046875,30.61566667,80.58833333,149
S4,Final,39,1.433219183,-0.003479167,30.65566667,83.1145,149
S4,Final,40,1.229889646,-0.406927083,30.57833333,81.43416667,149
S4,Final,41,1.048864692,0.495528646,30.60766667,78.82166667,149
S4,Final,42,0.933840392,0.241778646,30.815,80.82583333,149
S4,Final,43,0.91323315,-1.886148438,30.878,76.4685,149
S4,Final,44,1.008328492,1.703395833,30.994,67.87883333,149
S4,Final,45,0.952970971,-1.267789063,31.19833333,83.39916667,149
S4,Final,46,0.788366417,1.070403646,31.22733333,83.50616667,149
S4,Final,47,0.6589836,-0.107984375,31.22833333,76.68433333,149
S4,Final,48,0.533748563,0.450046875,31.13866667,77.8245,149
S4,Final,49,0.506824871,-0.146804687,31.17233333,77.553,149
S4,Final,50,0.48160495,-0.089697917,31.344,80.01033333,149
S4,Final,51,0.456269662,0.045111979,31.439,77.1075,149
S4,Final,52,0.420055108,0.055940104,31.37033333,64.9135,149
S4,Final,53,0.394447583,0.005598958,31.36366667,61.32183333,149
S4,Final,54,0.407889246,-0.385653646,31.482,61.74333333,149
S4,Final,55,0.447616396,0.145643229,31.53533333,86.60316667,149
S4,Final,56,0.439464917,0.242429687,31.47866667,78.02366667,149
S4,Final,57,0.45167345,0.103072917,31.48533333,77.14883333,149
S4,Final,58,0.426215354,-0.300171875,31.46466667,89.67733333,149
S4,Final,59,0.399860558,0.360572917,31.26166667,79.6485,149
S4,Final,60,0.392750038,-0.369799479,31.18933333,103.3413333,149
S4,Final,61,0.445918817,-0.047911458,31.19233333,93.47116667,149
S4,Final,62,0.488379183,0.103520833,31.334,87.479,149
S4,Final,63,0.491587463,-0.114354167,31.50233333,86.06883333,149
S4,Final,64,0.557397221,0.160893229,31.56233333,82.39783333,149
S4,Final,65,0.529649071,0.003036458,31.66866667,76.10633333,149
S4,Final,66,0.493487854,-0.100484375,31.708,69.12466667,149
S4,Final,67,0.423055162,0.090611979,31.90283333,71.08533333,149
S4,Final,68,0.362519558,-0.064674479,32.0465,76.799,149
S4,Final,69,0.355008692,0.021559896,31.9165,69.92866667,149
S4,Final,70,0.333084567,-0.009760417,32.10316667,70.134,149
S4,Final,71,0.310776104,0.036479167,32.21633333,72.6945,149
S4,Final,72,0.301177925,0.676203125,31.96533333,74.379,149
S4,Final,73,0.284896246,-1.0368125,31.53666667,79.98633333,149
S4,Final,74,0.293245287,0.42296875,31.343,82.28416667,149
S4,Final,75,0.312585746,-0.128192708,31.499,76.2735,149
S4,Final,76,0.292257746,0.010520833,31.448,75.88766667,149
S4,Final,77,0.262246163,-0.705494792,31.371,80.51366667,149
S4,Final,78,0.233585229,0.867755208,31.45166667,78.35083333,149
S4,Final,79,0.258797617,-0.046885417,31.62733333,69.053,149
S4,Final,80,0.250090863,-0.053085937,31.826,73.04966667,149
S4,Final,81,0.246514354,-0.078356771,31.91783333,80.4085,149
S4,Final,82,0.239729425,0.204955729,32.0565,74.52583333,149
S4,Final,83,0.235437446,-0.10890625,31.76616667,73.01616667,149
S4,Final,84,0.246210083,-0.113513021,31.35966667,73.493,149
S4,Final,85,0.289423142,0.068242188,31.48766667,85.39433333,149
S4,Final,86,0.293117179,0.281539062,31.69633333,78.5535,149
S4,Final,87,0.293458867,-0.143065104,31.85833333,68.44133333,149
S4,Final,88,0.287843021,-0.183447917,32.06616667,72.03666667,149
S4,Final,89,0.308144342,0.303856771,32.179,74.31833333,149
S4,Final,90,0.311502042,0.002122396,32.22933333,76.32316667,149
S4,Final,91,0.309585658,0.302361979,31.89366667,92.7635,149
S4,Final,92,0.322119804,-0.574403646,31.8945,102.8098333,149
S4,Final,93,0.308800929,-0.119174479,31.97266667,94.75333333,149
S4,Final,94,0.300307821,0.284588542,32.0145,99.8235,149
S4,Final,95,0.316162388,0.107895833,32.10816667,74.3975,149
S4,Final,96,0.328360246,-0.162463542,32.21616667,73.99366667,149
S4,Final,97,0.335743017,-0.088622396,32.23833333,74.17,149
S4,Final,98,0.332908383,-0.008645833,32.259,76.44533333,149
S4,Final,99,0.357869971,-0.000307292,32.25466667,78.05416667,149
S4,Final,100,0.334088167,-1.525205729,32.133,76.80166667,149
S4,Final,101,0.320459629,1.416632813,32.19916667,66.46766667,149
S4,Final,102,0.308453938,0.43990625,32.357,71.6675,149
S4,Final,103,0.304007221,-0.236083333,32.16666667,81.06983333,149
S4,Final,104,0.3748616,-0.134401042,32.12883333,77.89666667,149
S4,Final,105,0.360395008,0.046479167,32.22816667,72.83933333,149
S4,Final,106,0.387257,0.018411458,32.35216667,69.30883333,149
S4,Final,107,0.469353671,1.503385417,32.34933333,78.1695,149
S4,Final,108,0.465333992,-1.542747396,32.16466667,78.28366667,149
S4,Final,109,0.466428354,-0.699539062,31.9645,82.48833333,149
S4,Final,110,0.4952815,0.666520833,32.0015,80.86016667,149
S4,Final,111,0.420471458,0.099653646,32.21583333,81.3655,149
S4,Final,112,0.378683775,-0.053747396,32.36766667,74.07066667,149
S4,Final,113,0.343093729,0.212111979,32.1455,92.54733333,149
S4,Final,114,0.377589458,-0.403765625,32.06533333,97.94533333,149
S4,Final,115,0.477676038,0.163898438,32.17416667,81.1215,149
S4,Final,116,0.6505708,-0.063502604,32.13083333,73.75566667,149
S4,Final,117,0.573406625,0.139872396,32.172,77.96033333,149
S4,Final,118,0.484199308,-0.087169271,32.27066667,79.97766667,149
S4,Final,119,0.415298746,0.090734375,32.3555,72.93366667,149
S4,Final,120,0.395082829,-1.101789063,32.2965,83.33883333,149
S4,Final,121,0.420353996,0.921773438,32.00216667,76.69333333,149
S4,Final,122,0.504560742,0.037559896,31.96133333,75.289,149
S4,Final,123,0.429375629,1.026299479,32.17783333,79.47816667,149
S4,Final,124,0.401680896,-0.874486979,32.0915,74.11283333,149
S4,Final,125,0.425927142,-0.055208333,32.10933333,82.0315,149
S4,Final,126,0.526526238,0.007565104,32.10966667,97.444,149
S4,Final,127,0.500758475,0.07415625,32.0405,79.05966667,149
S4,Final,128,0.514339004,0.005197917,31.61433333,74.04383333,149
S4,Final,129,0.387208917,-0.281596354,31.47966667,71.17116667,149
S4,Final,130,0.3800557,0.842697917,31.54433333,63.0895,149
S4,Final,131,0.449917175,-0.702757812,31.41033333,80.5105,149
S4,Final,132,0.393614804,0.209497396,31.50766667,110.8321667,149
S4,Final,133,0.349606433,-0.131398438,31.52366667,120.8683333,149
S4,Final,134,0.312478983,-0.032895833,31.30733333,126.5798333,149
S4,Final,135,0.309425438,-0.845533854,31.189,107.83,149
S4,Final,136,0.288366179,0.851192708,31.29766667,85.95783333,149
S4,Final,137,0.277348029,0.006471354,31.43233333,69.156,149
S4,Final,138,0.278335608,-0.10753125,31.48466667,72.36183333,149
S4,Final,139,0.272212638,0.0325625,31.652,70.4135,149
S4,Final,140,0.274892425,-0.00428125,31.78766667,61.77616667,149
S4,Final,141,0.270669917,0.058177083,31.9115,69.22183333,149
S4,Final,142,0.246503696,0.356950521,32.0345,70.0005,149
S4,Final,143,0.244379038,-0.590283854,31.82633333,78.07833333,149
S4,Final,144,0.277785804,0.225570312,31.66433333,94.76466667,149
S4,Final,145,0.382436517,0.083929687,31.574,93.39766667,149
S4,Final,146,0.369277788,-0.063674479,31.53433333,90.06933333,149
S4,Final,147,0.402257404,0.038083333,31.70266667,72.7755,149
S4,Final,148,0.412602913,-0.088361979,31.721,65.26583333,149
S4,Final,149,0.383365388,0.783632813,31.82033333,71.30616667,149
S4,Final,150,0.380562804,-0.778929688,31.94433333,69.93033333,149
S4,Final,151,0.376137396,-0.062309896,32.05233333,72.28066667,149
S4,Final,152,0.363368363,0.078979167,32.111,73.65366667,149
S4,Final,153,0.351928529,0.224013021,32.04783333,75.14233333,149
S4,Final,154,0.359978592,-0.306604167,31.57466667,104.7915,149
S4,Final,155,0.4934291,1.227377604,31.249,117.9661667,149
S4,Final,156,0.456584617,-0.436971354,31.17766667,129.5466667,149
S4,Final,157,0.475368283,-0.721375,31.18333333,139.1401667,149
S4,Final,158,0.374952329,0.607231771,31.273,106.4738333,149
S4,Final,159,0.406634767,-0.585669271,31.10166667,88.6555,149
S4,Final,160,0.442982783,0.083377604,31.25033333,72.75916667,149
S4,Final,161,0.514002708,-0.043515625,30.93833333,77.20766667,149
S4,Final,162,0.486852396,-0.010416667,31.00466667,74.6805,149
S4,Final,163,0.485608625,-0.024265625,31.14333333,77.13116667,149
S4,Final,164,0.456573946,-0.010721354,31.08666667,70.69433333,149
S4,Final,165,0.484033833,0.117945312,31.07,76.91633333,149
S4,Final,166,0.577266146,-0.132234375,30.94866667,74.92816667,149
S4,Final,167,0.598256158,0.013304688,30.981,81.98533333,149
S4,Final,168,0.596713375,0.011976563,30.87833333,99.24783333,149
S4,Final,169,0.706750479,-0.193893229,30.88033333,79.68966667,149
S4,Final,170,0.740301263,0.327796875,30.93133333,77.24633333,149
S4,Final,171,0.757009967,0.925367188,30.70733333,77.09483333,149
S4,Final,172,0.752568504,-0.798304688,30.63333333,89.12966667,149
S4,Final,173,0.677673096,-0.248901042,30.63,94.98933333,149
S4,Final,174,0.666188267,0.061304687,30.76166667,79.6495,149
S4,Final,175,0.535055329,1.232002604,30.86866667,83.8405,149
S4,Final,176,0.584088404,-1.334966146,30.92133333,105.348,149
S4,Final,177,0.599163608,0.033268229,30.661,114.2866667,149
S4,Final,178,0.6038666,1.111192708,30.44833333,93.20516667,149
S4,Final,179,0.623052217,-1.114111979,30.372,93.92783333,149
S5,Final,0,0.001094146,-1.169216146,21.81733333,109.3173333,157
S5,Final,1,0,1.489450521,22.02533333,100.2931667,157
S5,Final,2,0,-0.455914062,21.96633333,77.20383333,157
S5,Final,3,0,0.324697917,22.06033333,71.74433333,157
S5,Final,4,0,-0.255489583,22.11566667,77.41733333,157
S5,Final,5,0,0.006127604,22.16433333,110.817,157
S5,Final,6,2.14E-05,0.088296875,21.825,128.7758333,157
S5,Final,7,0,0.225283854,21.202,131.313,157
S5,Final,8,8.54E-05,-0.031815104,21.45566667,127.8308333,157
S5,Final,9,0,-0.188833333,20.57116667,100.9378333,157
S5,Final,10,0.000394958,-0.002007813,20.22066667,82.543,157
S5,Final,11,0.226209096,-0.018070312,24.72883333,88.46633333,157
S5,Final,12,0.638972825,-0.018291667,28.15733333,95.98116667,157
S5,Final,13,0.839846392,0.057523438,28.36766667,97.11916667,157
S5,Final,14,0.828440625,-0.041236979,28.47333333,100.5233333,157
S5,Final,15,0.816495846,0.011794271,28.30233333,103.1496667,157
S5,Final,16,0.794239429,-0.006450521,28.07833333,108.6276667,157
S5,Final,17,0.81203385,-0.034588542,27.81866667,94.96483333,157
S5,Final,18,0.851924667,-0.693440104,27.828,73.91583333,157
S5,Final,19,0.743794363,0.85215625,27.92133333,80.1675,157
S5,Final,20,0.797578842,-0.179408854,27.973,89.41566667,157
S5,Final,21,0.70813085,-0.039190104,28.21066667,90.42966667,157
S5,Final,22,0.798762108,0.161476563,28.728,104.06,157
S5,Final,23,0.904077325,-1.218143229,29.37766667,101.2126667,157
S5,Final,24,0.9342251,0.928549479,29.89733333,88.15383333,157
S5,Final,25,0.893005333,-0.189195313,30.17266667,105.1346667,157
S5,Final,26,0.933344438,0.19075,30.614,78.46183333,157
S5,Final,27,0.940224213,0.236867188,30.88833333,70.917,157
S5,Final,28,0.835159996,-0.070005208,30.976,69.11883333,157
S5,Final,29,0.779961875,-0.028169271,31.06966667,101.6855,157
S5,Final,30,0.848001442,0.130085937,31.158,82.47033333,157
S5,Final,31,1.073675925,0.018145833,31.15466667,84.73183333,157
S5,Final,32,1.092675667,-0.058617188,30.94766667,85.96383333,157
S5,Final,33,1.253679871,-0.036356771,30.87966667,101.2831667,157
S5,Final,34,1.492987833,0.014796875,30.943,102.6705,157
S5,Final,35,1.248801579,0.083802083,31.02433333,107.9258333,157
S5,Final,36,1.062896438,-0.889265625,31.10733333,103.5405,157
S5,Final,37,0.965352071,0.779046875,31.11,91.12616667,157
S5,Final,38,0.871741621,0.16315625,31.28233333,97.07633333,157
S5,Final,39,0.833035733,0.028726563,31.40166667,98.71566667,157
S5,Final,40,0.767611504,0.091919271,31.446,114.7753333,157
S5,Final,41,0.718540604,-0.253476563,31.55033333,114.3956667,157
S5,Final,42,0.821672667,-0.104856771,31.737,109.496,157
S5,Final,43,1.023724942,0.177382813,31.86733333,98.62116667,157
S5,Final,44,0.869656117,-0.250221354,31.87533333,100.6835,157
S5,Final,45,0.757604096,-0.076481771,31.94333333,93.495,157
S5,Final,46,0.719490571,0.624411458,32.10233333,76.34616667,157
S5,Final,47,0.565553029,-0.158747396,32.24433333,86.57066667,157
S5,Final,48,0.72259155,-0.183726562,32.36783333,109.3028333,157
S5,Final,49,0.643738663,-0.018489583,32.43833333,113.514,157
S5,Final,50,0.658933983,-0.042934896,32.496,115.8058333,157
S5,Final,51,0.580684217,0.149973958,32.70016667,103.6058333,157
S5,Final,52,0.498618296,-0.712471354,32.84066667,103.7541667,157
S5,Final,53,0.636890971,0.729960938,32.9895,100.003,157
S5,Final,54,0.600560175,-0.148427083,33.1995,75.77316667,157
S5,Final,55,0.645569408,0.364231771,33.17783333,80.8555,157
S5,Final,56,0.972327263,-0.372807292,33.21733333,79.47966667,157
S5,Final,57,0.63601755,-0.082544271,33.13466667,91.43733333,157
S5,Final,58,0.353428742,-0.037820312,33.15533333,94.46833333,157
S5,Final,59,0.377099575,0.096690104,33.29516667,84.31716667,157
S5,Final,60,0.376106808,0.013203125,33.32333333,87.394,157
S5,Final,61,0.3801685,0.061705729,33.35766667,95.275,157
S5,Final,62,0.418874992,0.066231771,33.46883333,101.5741667,157
S5,Final,63,0.6307481,0.355403646,33.23033333,100.6638333,157
S5,Final,64,0.603832217,-0.522460937,33.244,95.43216667,157
S5,Final,65,0.430354858,0.064078125,33.2915,91.12416667,157
S5,Final,66,0.273337675,0.444671875,33.53866667,82.31933333,157
S5,Final,67,0.271496254,-1.317263021,33.68916667,99.57266667,157
S5,Final,68,0.287225238,0.938903646,33.8915,88.52433333,157
S5,Final,69,0.275702008,0.480770833,33.948,79.0145,157
S5,Final,70,0.25711235,-0.377276042,33.97366667,86.6005,157
S5,Final,71,0.262294946,-0.070658854,33.93133333,97.959,157
S5,Final,72,0.245391708,-0.122411458,33.82416667,106.7701667,157
S5,Final,73,0.315240546,-0.014138021,33.791,98.065,157
S5,Final,74,0.298812363,0.016627604,33.77433333,103.2831667,157
S5,Final,75,0.319569067,-0.149119792,33.73666667,107.2115,157
S5,Final,76,0.348411725,0.176153646,33.76833333,108.2315,157
S5,Final,77,0.363510833,0.032723958,33.75433333,103.347,157
S5,Final,78,0.379319842,-0.030325521,33.78733333,105.4551667,157
S5,Final,79,0.322248296,0.117164062,33.76166667,96.92183333,157
S5,Final,80,0.366606454,-0.579997396,33.77433333,86.329,157
S5,Final,81,0.380814296,0.4420625,33.852,100.2095,157
S5,Final,82,0.350866938,0.039320312,33.92633333,96.42766667,157
S5,Final,83,0.356529754,0.096335937,33.76883333,98.82016667,157
S5,Final,84,0.3976481,-0.384661458,33.7935,108.0436667,157
S5,Final,85,0.389567392,0.229619792,33.807,99.40016667,157
S5,Final,86,0.520335925,0.163830729,33.85666667,106.6186667,157
S5,Final,87,0.557649679,-0.060544271,33.878,97.4275,157
S5,Final,88,0.619724604,0.550528646,33.856,100.5436667,157
S5,Final,89,0.650063696,-0.701359375,33.82666667,84.45766667,157
S5,Final,90,0.608598462,0.153143229,33.833,66.6665,157
S5,Final,91,0.611192279,0.591671875,33.61166667,71.73066667,157
S5,Final,92,0.705181692,-0.681359375,33.55533333,68.495,157
S5,Final,93,0.742937546,0.100861979,33.47883333,75.81,157
S5,Final,94,0.669021654,-0.071742188,33.38116667,82.92083333,157
S5,Final,95,0.680309996,-0.034083333,33.37883333,81.26633333,157
S5,Final,96,0.6595013,-0.024679687,33.48716667,83.78283333,157
S5,Final,97,0.564544308,0.068085937,33.46216667,81.55833333,157
S5,Final,98,0.540152908,-0.022348958,33.3185,103.4016667,157
S5,Final,99,0.573638954,0.016994792,33.24933333,105.9158333,157
S5,Final,100,0.582050333,0.134369792,33.23716667,94.68233333,157
S5,Final,101,0.691496933,-0.123416667,32.97016667,92.81266667,157
S5,Final,102,0.596087821,-0.055101563,33.11516667,92.78483333,157
S5,Final,103,0.669603408,0.566794271,33.08,87.024,157
S5,Final,104,0.682701113,-3.09015625,33.14916667,79.77066667,157
S5,Final,105,0.679589475,2.551989583,33.1125,87.8235,157
S5,Final,106,0.694373688,0.06990625,33.15633333,90.612,157
S5,Final,107,0.717793646,1.282950521,33.1975,86.2475,157
S5,Final,108,0.790241788,-1.692255208,33.28433333,98.17016667,157
S5,Final,109,0.655774588,0.203369792,33.39816667,114.8713333,157
S5,Final,110,0.596723046,-0.060328125,33.46516667,110.3836667,157
S5,Final,111,0.583433225,0.174190104,33.44766667,82.99766667,157
S5,Final,112,0.645746754,0.098661458,33.36883333,73.90266667,157
S5,Final,113,0.704578317,-0.054927083,33.35366667,75.07966667,157
S5,Final,114,0.786526733,-0.047486979,33.45083333,93.12416667,157
S5,Final,115,0.717894837,-0.053401042,33.39566667,82.951,157
S5,Final,116,0.657300738,0.082463542,33.2445,82.30133333,157
S5,Final,117,0.703857713,0.026744792,33.192,93.83583333,157
S5,Final,118,0.666000496,0.011429688,33.22183333,89.87766667,157
S5,Final,119,0.779360104,-0.637299479,33.28316667,88.93016667,157
S5,Final,120,0.70721485,-0.309429687,33.19116667,77.47016667,157
S5,Final,121,0.545401471,0.649828125,33.23216667,89.706,157
S5,Final,122,0.7262321,0.894916667,33.39966667,88.63433333,157
S5,Final,123,0.644384558,-0.720796875,33.44233333,78.951,157
S5,Final,124,0.787879263,0.271541667,33.40433333,72.6015,157
S5,Final,125,0.656452067,-0.177130208,33.3485,58.77233333,157
S5,Final,126,0.645740146,-0.011109375,33.31633333,66.71016667,157
S5,Final,127,0.713491508,-0.036473958,33.306,75.43983333,157
S5,Final,128,0.82116035,0.093570313,33.3235,87.7275,157
S5,Final,129,0.849933567,-0.301489583,33.3325,104.5471667,157
S5,Final,130,0.975818446,0.337932292,33.41616667,95.22316667,157
S5,Final,131,1.180833767,0.271239583,33.4205,85.32016667,157
S5,Final,132,0.874362242,-0.298739583,33.304,75.27116667,157
S5,Final,133,0.798028583,-0.239763021,33.339,82.0435,157
S5,Final,134,0.709888862,0.261981771,33.24133333,88.66466667,157
S5,Final,135,0.723045275,0.413835938,33.2285,89.68966667,157
S5,Final,136,0.801316312,-0.387205729,33.19066667,86.71333333,157
S5,Final,137,0.684483442,0.078166667,33.18416667,86.51183333,157
S5,Final,138,0.710913654,0.046231771,33.27533333,78.28433333,157
S5,Final,139,0.618780379,-0.27115625,33.17866667,76.621,157
S5,Final,140,0.639549258,0.005796875,33.1385,75.483,157
S5,Final,141,0.660423263,0.367239583,33.03616667,72.81833333,157
S5,Final,142,0.555962213,-0.546179688,33.08733333,85.301,157
S5,Final,143,0.557995721,0.2189375,33.12633333,106.3208333,157
S5,Final,144,0.714607317,-0.041848958,33.19316667,97.01266667,157
S5,Final,145,0.649417913,0.305369792,33.35483333,101.4983333,157
S5,Final,146,0.828083079,0.085044271,33.2925,102.3388333,157
S5,Final,147,0.768862954,0.000302083,33.28,97.28483333,157
S5,Final,148,0.905627979,-0.937763021,33.26933333,82.915,157
S5,Final,149,0.85012035,0.467799479,33.17316667,73.65166667,157
S5,Final,150,0.971673925,0.400825521,33.2915,82.128,157
S5,Final,151,1.20089955,-0.254424479,33.29033333,84.8285,157
S5,Final,152,1.216149388,-0.002101562,33.2845,90.465,157
S5,Final,153,1.228247771,-0.074559896,33.32883333,105.9676667,157
S5,Final,154,1.004221629,0.001971354,33.3305,103.5316667,157
S5,Final,155,0.959235554,0.001158854,33.44866667,99.1995,157
S5,Final,156,0.964375358,0.032398438,33.49783333,94.86683333,157
S5,Final,157,0.916435946,-0.096200521,33.52816667,97.0985,157
S5,Final,158,0.772276242,0.099276042,33.477,101.7158333,157
S5,Final,159,0.742099358,-0.055466146,33.37366667,97.90116667,157
S5,Final,160,0.896565329,0.12790625,33.123,98.16783333,157
S5,Final,161,0.834113829,-0.063726562,33.078,96.93233333,157
S5,Final,162,0.678169463,-0.036380208,33.10566667,96.27666667,157
S5,Final,163,0.619208604,0.042223958,33.145,100.2435,157
S5,Final,164,0.653559275,0.038778646,33.16266667,102.2213333,157
S5,Final,165,0.566860688,-0.055052083,33.22133333,98.70333333,157
S5,Final,166,0.534431429,0.007677083,33.24633333,100.4158333,157
S5,Final,167,0.537591033,-0.284020833,33.26666667,101.6945,157
S5,Final,168,0.666560854,0.288372396,33.265,103.7116667,157
S5,Final,169,0.59896435,0.038854167,33.30866667,72.029,157
S5,Final,170,0.669955392,-0.136710938,33.36183333,69.2675,157
S5,Final,171,0.631068021,0.083138021,33.424,91.45616667,157
S5,Final,172,0.688075396,-0.04075,33.4025,110.8775,157
S5,Final,173,0.700730129,0.085119792,33.26133333,120.1566667,157
S5,Final,174,0.734771221,-0.03275,33.346,106.637,157
S5,Final,175,0.697314229,0.125466146,33.294,89.29233333,157
S5,Final,176,0.852676879,-0.10890625,33.26066667,74.778,157
S5,Final,177,0.831445242,-0.085390625,33.30183333,90.66183333,157
S5,Final,178,0.777501408,-0.030914063,33.25316667,97.1875,157
S5,Final,179,0.716000013,-0.089106771,33.26133333,92.34416667,157
S6,Final,0,0.002898388,-0.053744792,22.891,96.2605,175
S6,Final,1,0.000261538,-0.052111979,22.41166667,88.42183333,175
S6,Final,2,0.000122763,0.144424479,22.50166667,99.51,175
S6,Final,3,9.61E-05,-0.08034375,22.61366667,100.8363333,175
S6,Final,4,5.87E-05,0.102851563,22.66633333,150.517,175
S6,Final,5,5.87E-05,-0.110533854,22.55766667,133.1358333,175
S6,Final,6,0.000427021,0.417528646,20.39766667,119.11,175
S6,Final,7,0.000197496,0.581109375,19.83166667,128.9178333,175
S6,Final,8,0.000336275,-0.372028646,19.59483333,134.2386667,175
S6,Final,9,0.000202825,-0.572075521,18.5255,138.2558333,175
S6,Final,10,0.000848704,0.164736979,20.20416667,122.5118333,175
S6,Final,11,0.000112088,-0.179117187,20.77933333,104.0141667,175
S6,Final,12,0.000208163,0.027950521,20.94233333,124.0158333,175
S6,Final,13,0.0002135,-0.0271875,21.11666667,136.8448333,175
S6,Final,14,0.000138775,0.002989583,21.19066667,137.3536667,175
S6,Final,15,8.54E-05,0.014104167,21.22766667,114.1573333,175
S6,Final,16,3.74E-05,0.012664063,21.28,117.6428333,175
S6,Final,17,0.000394975,-0.030291667,21.32166667,124.1818333,175
S6,Final,18,0.044845154,-0.151804687,21.59033333,121.7678333,175
S6,Final,19,0.312682521,0.408664062,22.54466667,108.695,175
S6,Final,20,0.059187375,-0.188348958,22.53133333,93.88883333,175
S6,Final,21,5.34E-05,-0.028973958,22.022,96.907,175
S6,Final,22,4.27E-05,-0.376419271,22.13233333,99.73583333,175
S6,Final,23,0.433380229,0.317302083,29.575,98.38416667,175
S6,Final,24,0.409748983,-0.125231771,30.16133333,93.2065,175
S6,Final,25,0.299830638,0.234476562,30.064,80.37466667,175
S6,Final,26,0.396580338,0.175747396,29.847,90.18933333,175
S6,Final,27,0.382514971,-0.130859375,29.75266667,92.17516667,175
S6,Final,28,0.411654633,-0.178841146,29.927,92.688,175
S6,Final,29,0.55175895,0.069533854,30.025,92.4975,175
S6,Final,30,0.6642181,-0.198484375,30.14266667,89.79716667,175
S6,Final,31,0.826453396,0.154729167,30.153,89.108,175
S6,Final,32,0.848733862,-0.697072917,30.20666667,94.69933333,175
S6,Final,33,0.958093588,0.623210938,30.22366667,81.04933333,175
S6,Final,34,0.9815302,0.3169375,30.28133333,88.5465,175
S6,Final,35,1.127121854,-0.148075521,30.46233333,79.66683333,175
S6,Final,36,1.093749196,-0.160833333,30.551,77.2415,175
S6,Final,37,0.922364758,0.07459375,30.56466667,80.06683333,175
S6,Final,38,0.653979692,-0.027958333,30.426,74.59833333,175
S6,Final,39,0.562023421,0.271234375,30.553,74.28666667,175
S6,Final,40,0.514273446,-0.475778646,30.69933333,75.36133333,175
S6,Final,41,0.548001029,0.113729167,30.80533333,76.013,175
S6,Final,42,0.539011983,0.173026042,30.92,74.83166667,175
S6,Final,43,0.476681113,-0.123109375,31.06,69.2765,175
S6,Final,44,0.447327896,0.087888021,31.16966667,74.40133333,175
S6,Final,45,0.405692213,0.010190104,31.24366667,78.63233333,175
S6,Final,46,0.359908833,0.068809896,31.216,75.73733333,175
S6,Final,47,0.321433163,-0.255752604,31.228,75.10516667,175
S6,Final,48,0.285279563,-0.173671875,31.30533333,70.639,175
S6,Final,49,0.253962004,0.263296875,31.389,66.57,175
S6,Final,50,0.2250145,-0.013497396,31.45566667,73.99933333,175
S6,Final,51,0.219938179,0.233338542,31.507,87.83633333,175
S6,Final,52,0.1963286,0.224117188,31.458,85.32966667,175
S6,Final,53,0.208765967,-0.351963542,31.448,76.67666667,175
S6,Final,54,0.214536171,0.041164062,31.49466667,78.30933333,175
S6,Final,55,0.193376658,0.001708333,31.53033333,78.50416667,175
S6,Final,56,0.174357713,0.109130208,31.57333333,72.534,175
S6,Final,57,0.206614683,-0.190411458,31.67433333,76.29466667,175
S6,Final,58,0.238674192,0.086851562,31.82566667,74.68966667,175
S6,Final,59,0.219260171,-0.117565104,31.946,69.90383333,175
S6,Final,60,0.195052796,0.117940104,32.016,71.45533333,175
S6,Final,61,0.203016929,-0.085403646,32.10066667,73.19116667,175
S6,Final,62,0.177821975,-0.1653125,32.19133333,71.49616667,175
S6,Final,63,0.1795409,0.01884375,32.26766667,75.39033333,175
S6,Final,64,0.227742171,0.051625,32.3475,75.16733333,175
S6,Final,65,0.198693292,0.171213542,32.37566667,73.0635,175
S6,Final,66,0.169030413,-0.282591146,32.3385,75.21966667,175
S6,Final,67,0.171694104,0.313257813,32.47883333,64.809,175
S6,Final,68,0.161151658,0.008510417,32.57166667,60.44366667,175
S6,Final,69,0.179396725,-0.016190104,32.65833333,73.466,175
S6,Final,70,0.161076917,-0.167015625,32.7275,75.3325,175
S6,Final,71,0.178254425,0.2095,32.79233333,75.02833333,175
S6,Final,72,0.167680004,-0.144221354,32.8315,78.39683333,175
S6,Final,73,0.162699658,0.190020833,32.83833333,77.196,175
S6,Final,74,0.143098808,-0.185598958,32.8935,76.95816667,175
S6,Final,75,0.124533533,0.059244792,32.93233333,74.44733333,175
S6,Final,76,0.144940475,0.269960938,33.0705,71.9145,175
S6,Final,77,0.175099625,-0.395708333,33.164,70.11983333,175
S6,Final,78,0.169622958,0.096682292,33.23483333,68.9655,175
S6,Final,79,0.172596154,0.102565104,33.273,70.33566667,175
S6,Final,80,0.178083546,-0.424544271,33.334,68.067,175
S6,Final,81,0.177592375,0.269614583,33.4,73.16216667,175
S6,Final,82,0.182433992,-0.057234375,33.41183333,73.95166667,175
S6,Final,83,0.192645358,0.330580729,33.28433333,86.45616667,175
S6,Final,84,0.176567542,-0.421585938,33.17266667,71.61416667,175
S6,Final,85,0.1615841,0.067520833,33.09766667,70.46416667,175
S6,Final,86,0.188407096,0.251895833,33.13516667,73.01533333,175
S6,Final,87,0.195148817,-0.131828125,33.1915,70.27066667,175
S6,Final,88,0.186127775,0.134190104,33.20633333,71.11816667,175
S6,Final,89,0.190147304,-0.895276042,33.22266667,75.11483333,175
S6,Final,90,0.202547171,0.631697917,33.22383333,78.626,175
S6,Final,91,0.228574883,0.109765625,33.257,83.175,175
S6,Final,92,0.223300992,-0.418005208,33.34383333,79.1815,175
S6,Final,93,0.196483321,0.141697917,33.36,72.41266667,175
S6,Final,94,0.183095813,0.429817708,33.25166667,65.82816667,175
S6,Final,95,0.185839496,-0.134041667,33.17583333,64.936,175
S6,Final,96,0.195666588,0.149744792,33.16033333,67.3475,175
S6,Final,97,0.185695425,-0.316122396,33.19516667,72.79866667,175
S6,Final,98,0.180298817,0.041692708,33.12316667,75.36183333,175
S6,Final,99,0.19386775,0.17534375,33.11966667,90.96783333,175
S6,Final,100,0.202114825,0.095450521,33.21866667,76.899,175
S6,Final,101,0.228724354,-0.057455729,33.15383333,75.58766667,175
S6,Final,102,0.201554413,-0.126526042,33.03633333,89.59783333,175
S6,Final,103,0.187814529,0.282158854,32.9705,104.848,175
S6,Final,104,0.262097029,-0.432552083,33.0435,79.33666667,175
S6,Final,105,0.256753742,0.175492188,33.047,71.461,175
S6,Final,106,0.266244525,-0.090645833,33.037,75.20033333,175
S6,Final,107,0.234121,0.112643229,32.8865,81.23833333,175
S6,Final,108,0.227870275,0.007778646,32.79783333,76.3635,175
S6,Final,109,0.271747942,0.094617187,32.81483333,95.03866667,175
S6,Final,110,0.2369234,-0.532557292,32.94483333,76.671,175
S6,Final,111,0.252163154,0.255601563,32.9815,71.163,175
S6,Final,112,0.239992696,-0.235541667,32.9455,71.1115,175
S6,Final,113,0.210842346,0.321929688,32.76116667,79.76816667,175
S6,Final,114,0.214797763,0.039479167,32.73266667,74.99583333,175
S6,Final,115,0.202381667,-0.04703125,32.58333333,75.746,175
S6,Final,116,0.1846012,0.071101563,32.49233333,78.429,175
S6,Final,117,0.175585288,-0.455638021,32.4625,81.5715,175
S6,Final,118,0.196841063,0.480432292,32.47016667,90.21216667,175
S6,Final,119,0.211066488,0.106635417,32.43766667,75.0245,175
S6,Final,120,0.1886046,-0.034247396,32.55366667,66.32066667,175
S6,Final,121,0.175702821,-0.079085938,32.4965,66.283,175
S6,Final,122,0.1738559,0.056927083,32.25966667,71.45116667,175
S6,Final,123,0.172708288,-0.116809896,32.16283333,75.43183333,175
S6,Final,124,0.200460104,0.072570313,32.27483333,77.8095,175
S6,Final,125,0.201725104,-0.008414063,32.51633333,76.93133333,175
S6,Final,126,0.190787738,-0.00828125,32.68566667,70.805,175
S6,Final,127,0.194641846,0.111572917,32.75233333,68.28033333,175
S6,Final,128,0.220055621,-0.087096354,32.77966667,72.204,175
S6,Final,129,0.220135575,-0.159361979,32.8155,70.90333333,175
S6,Final,130,0.232428879,0.043153646,32.83433333,70.2035,175
S6,Final,131,0.212358342,0.109841146,32.82633333,68.25633333,175
S6,Final,132,0.251389071,-0.055460938,32.49883333,72.0365,175
S6,Final,133,0.2663193,0.169768229,32.406,82.59283333,175
S6,Final,134,0.248287821,-0.163828125,32.21016667,88.46933333,175
S6,Final,135,0.240643946,0.024213542,32.226,74.5375,175
S6,Final,136,0.223194258,-0.012039062,32.27766667,69.76916667,175
S6,Final,137,0.262534746,-0.0481875,32.34166667,73.58333333,175
S6,Final,138,0.239304063,0.124091146,32.42766667,65.927,175
S6,Final,139,0.220770863,-0.058695312,32.5085,68.83416667,175
S6,Final,140,0.213954321,-0.032809896,32.4575,75.24283333,175
S6,Final,141,0.200641563,0.236783854,32.4615,66.92116667,175
S6,Final,142,0.212966896,-0.329763021,32.39866667,72.1265,175
S6,Final,143,0.21097045,0.137854167,32.4,66.78716667,175
S6,Final,144,0.215304858,0.061950521,32.38066667,70.992,175
S6,Final,145,0.222970083,-0.074338542,32.34533333,74.56116667,175
S6,Final,146,0.209870867,0.062958333,32.40733333,78.30233333,175
S6,Final,147,0.185780783,0.114552083,32.236,73.56833333,175
S6,Final,148,0.220172996,-0.023578125,32.126,75.554,175
S6,Final,149,0.215240683,-0.135833333,32.04816667,79.02483333,175
S6,Final,150,0.206241038,0.081299479,31.885,81.26683333,175
S6,Final,151,0.214877767,0.037028646,31.922,83.79283333,175
S6,Final,152,0.205274708,-0.058315104,31.89733333,91.09716667,175
S6,Final,153,0.183789721,-0.005796875,31.90833333,86.39283333,175
S6,Final,154,0.177960783,-0.061520833,31.96966667,75.77666667,175
S6,Final,155,0.214659038,0.168846354,32.10183333,76.2855,175
S6,Final,156,0.214018433,-0.079463542,32.16233333,85.3805,175
S6,Final,157,0.26180875,-0.081135417,32.2465,71.63466667,175
S6,Final,158,0.268737358,-0.030760417,32.3365,66.79616667,175
S6,Final,159,0.237297083,0.041752604,32.32016667,69.0875,175
S6,Final,160,0.211397438,-0.039947917,32.16816667,67.23616667,175
S6,Final,161,0.198025954,0.011854167,32.121,68.63633333,175
S6,Final,162,0.187472996,-0.029536458,32.11133333,75.07683333,175
S6,Final,163,0.197593729,-0.058893229,32.1345,78.08733333,175
S6,Final,164,0.201965275,-0.011747396,32.241,72.54183333,175
S6,Final,165,0.205888792,0.590903646,32.2775,78.392,175
S6,Final,166,0.217552117,-0.450078125,32.3895,69.79933333,175
S6,Final,167,0.196910379,-0.033054688,32.45966667,69.54666667,175
S6,Final,168,0.180426954,0.028794271,32.31266667,72.472,175
S6,Final,169,0.172318467,-0.007390625,32.183,66.183,175
S6,Final,170,0.219436383,0.02728125,32.18016667,74.17733333,175
S6,Final,171,0.238615571,-0.046083333,32.23766667,76.96816667,175
S6,Final,172,0.222548438,0.28409375,32.20133333,70.935,175
S6,Final,173,0.214498858,-0.434973958,32.315,74.11316667,175
S6,Final,174,0.196670108,-0.153179688,32.38083333,80.13083333,175
S6,Final,175,0.171688642,0.313692708,32.32633333,74.29733333,175
S6,Final,176,0.165907717,0.033898438,32.285,67.95333333,175
S6,Final,177,0.158562746,0.011427083,32.31916667,65.94333333,175
S6,Final,178,0.152835067,-0.051307292,32.29166667,64.32383333,175
S6,Final,179,0.150764083,0.009026042,32.26133333,69.801,175
S7,Final,0,0.003260996,0.185471354,22.623,107.4371667,110
S7,Final,1,0.000480375,-0.421755208,22.356,98.58766667,110
S7,Final,2,0.000400313,0.174505208,22.25933333,128.1396667,110
S7,Final,3,0.0003416,0.042054688,22.38766667,114.1146667,110
S7,Final,4,0.000208158,0.067052083,22.45766667,86.99883333,110
S7,Final,5,0.000208163,-0.084054688,22.44166667,110.1605,110
S7,Final,6,0.000357608,-0.3210625,21.63433333,119.3675,110
S7,Final,7,0.0002135,0.308744792,21.308,103.1185,110
S7,Final,8,0.000186813,0.329263021,21.36733333,101.8763333,110
S7,Final,9,5.34E-05,-0.137403646,20.43616667,96.214,110
S7,Final,10,0.000202821,-0.083486979,20.87966667,93.0445,110
S7,Final,11,0.003362283,-0.052135417,21.15066667,110.9593333,110
S7,Final,12,2.14E-05,-0.014239583,21.184,116.6648333,110
S7,Final,13,0.000112088,0.016783854,21.27533333,104.574,110
S7,Final,14,4.27E-05,-0.003447917,21.333,106.1478333,110
S7,Final,15,5.87E-05,0.008135417,21.34533333,116.7098333,110
S7,Final,16,3.20E-05,-0.027041667,21.358,135.6443333,110
S7,Final,17,2.67E-05,0.013921875,21.383,119.4551667,110
S7,Final,18,1.07E-05,0.010653646,21.41133333,113.7895,110
S7,Final,19,0.0094624,0.032299479,24.532,102.3143333,110
S7,Final,20,0.130082808,-0.086028646,27.13433333,87.364,110
S7,Final,21,0.517812558,0.205075521,27.18266667,84.4255,110
S7,Final,22,0.536555679,-0.283927083,27.17433333,91.66016667,110
S7,Final,23,0.488245608,0.212005208,27.18933333,92.39083333,110
S7,Final,24,0.400675613,-0.258106771,27.16666667,82.1595,110
S7,Final,25,0.481965804,1.550596354,27.12466667,90.7205,110
S7,Final,26,0.313701729,-1.552916667,27.245,92.09483333,110
S7,Final,27,0.045022483,0.117809896,27.59866667,82.83,110
S7,Final,28,0.037145179,0.280815104,27.67466667,78.60916667,110
S7,Final,29,0.037876358,-0.250835937,27.86066667,72.38533333,110
S7,Final,30,0.027880217,0.668953125,28.03766667,75.65633333,110
S7,Final,31,0.365707442,-0.677690104,27.52066667,82.40616667,110
S7,Final,32,0.489670354,0.150247396,27.359,81.61,110
S7,Final,33,0.702203213,-0.158385417,27.39166667,75.88116667,110
S7,Final,34,0.961398054,0.022549479,27.45966667,77.3265,110
S7,Final,35,1.267517004,0.053757812,27.54,80.39816667,110
S7,Final,36,1.434174871,0.043286458,27.611,83.5955,110
S7,Final,37,1.338558033,0.007447917,27.59566667,73.25433333,110
S7,Final,38,1.484907883,0.022213542,27.65933333,90.74683333,110
S7,Final,39,1.379177587,-0.111502604,27.66366667,78.23616667,110
S7,Final,40,1.176547579,-0.060161458,27.59733333,82.36366667,110
S7,Final,41,1.083486121,0.50075,27.49466667,81.25216667,110
S7,Final,42,0.985242567,-0.580703125,27.50166667,86.28933333,110
S7,Final,43,1.019037104,0.275382813,27.50733333,97.76533333,110
S7,Final,44,0.908706313,-0.202809896,27.54533333,89.18083333,110
S7,Final,45,0.908241975,0.085059896,27.589,85.84566667,110
S7,Final,46,0.955269788,0.381403646,27.62733333,92.3415,110
S7,Final,47,0.951085354,-0.262757812,27.585,80.7355,110
S7,Final,48,0.943096183,-0.497747396,27.54633333,76.27333333,110
S7,Final,49,0.999854638,0.32459375,27.58733333,79.12866667,110
S7,Final,50,1.092933988,0.07953125,27.628,92.60116667,110
S7,Final,51,0.920465496,0.329703125,27.63933333,107.6501667,110
S7,Final,52,0.87663695,-0.131747396,27.512,94.11066667,110
S7,Final,53,1.157957954,-0.043570313,27.64233333,82.20816667,110
S7,Final,54,0.930426604,0.133671875,27.599,77.06266667,110
S7,Final,55,0.854637658,0.183101563,27.61133333,76.34716667,110
S7,Final,56,1.048208033,-0.459638021,27.67933333,75.628,110
S7,Final,57,1.107843933,-0.042067708,27.75333333,83.8385,110
S7,Final,58,1.165771238,-0.052432292,27.84133333,108.9186667,110
S7,Final,59,0.910169975,0.451320312,27.76766667,136.6725,110
S7,Final,60,0.843468608,0.043632812,27.68133333,96.68466667,110
S7,Final,61,0.810709183,-0.446895833,27.616,69.04333333,110
S7,Final,62,0.731122942,-0.607466146,27.65333333,69.94933333,110
S7,Final,63,0.705273608,1.665528646,27.68333333,73.00883333,110
S7,Final,64,0.810282725,-1.006533854,27.72833333,71.39633333,110
S7,Final,65,0.860396254,0.193848958,27.804,73.39433333,110
S7,Final,66,0.740826104,-0.05134375,27.68466667,69.16166667,110
S7,Final,67,0.739418975,-0.1878125,27.69233333,73.94783333,110
S7,Final,68,0.735970871,-0.058408854,27.67566667,86.95166667,110
S7,Final,69,0.654826746,0.425518229,27.73033333,95.61066667,110
S7,Final,70,0.835815163,-0.4065625,27.78666667,99.58866667,110
S7,Final,71,0.877869396,-0.104617188,27.911,79.46383333,110
S7,Final,72,0.837040467,0.300640625,27.96433333,73.31766667,110
S7,Final,73,0.658208025,0.880802083,28.02533333,82.478,110
S7,Final,74,0.024512554,-0.900523438,28.501,86.686,110
S7,Final,75,0.022489842,-0.484786458,28.45266667,98.5985,110
S7,Final,76,0.040630213,0.36509375,28.408,70.25433333,110
S7,Final,77,0.0508024,0.012416667,28.268,74.332,110
S7,Final,78,0.055856558,0.087609375,28.271,76.33883333,110
S7,Final,79,0.110160004,-0.123692708,28.55133333,123.2918333,110
S7,Final,80,0.020440546,-0.045486979,28.60666667,134.5393333,110
S7,Final,81,0.029780133,0.231221354,28.523,101.2733333,110
S7,Final,82,0.05028475,-0.101041667,28.895,105.6226667,110
S7,Final,83,0.005721083,-0.068526042,29.11966667,123.377,110
S7,Final,84,0.013716046,0.056570312,29.077,123.3483333,110
S7,Final,85,0.023466496,-0.245078125,29.26633333,107.7326667,110
S7,Final,86,0.017499788,0.081851562,29.24,115.0853333,110
S7,Final,87,0.013486521,-0.587903646,29.33266667,91.2225,110
S7,Final,88,0.0110849,-0.521369792,29.67233333,72.99833333,110
S7,Final,89,0.021123654,0.495958333,29.55066667,76.21683333,110
S7,Final,90,0.0161283,0.770557292,29.33233333,74.9795,110
S7,Final,91,0.008571267,0.193958333,29.38033333,80.2575,110
S7,Final,92,0.020840696,-0.385085937,29.50266667,81.2505,110
S7,Final,93,0.036771633,-0.155838542,29.361,73.99633333,110
S7,Final,94,0.039642817,-0.216536458,29.28133333,69.18816667,110
S7,Final,95,0.011842738,-0.855080729,29.534,77.205,110
S7,Final,96,0.01375335,1.313080729,29.487,64.22983333,110
S7,Final,97,0.024384529,0.063882812,29.57433333,74.95283333,110
S7,Final,98,0.036771717,-0.115989583,29.386,83.23366667,110
S7,Final,99,0.050418112,0.104325521,29.36566667,75.8045,110
S7,Final,100,0.048843746,-0.502320312,29.36566667,80.19733333,110
S7,Final,101,0.046100571,2.006153646,29.40133333,97.0225,110
S7,Final,102,0.059330925,-2.5391875,29.38866667,83.50533333,110
S7,Final,103,0.046143313,0.987203125,29.601,74.36616667,110
S7,Final,104,0.059453725,-0.0128125,29.694,78.60316667,110
S7,Final,105,0.063696683,-0.073434896,29.646,74.20966667,110
S7,Final,106,0.043848408,0.112192708,29.72666667,67.90866667,110
S7,Final,107,0.037107787,-0.863760417,29.85666667,75.07116667,110
S7,Final,108,0.050962571,0.814414062,30.03566667,77.3,110
S7,Final,109,0.055306913,-0.009039062,29.977,75.11083333,110
S7,Final,110,0.066076775,0.138768229,29.989,72.28066667,110
S7,Final,111,0.079483358,-0.154260417,29.65,66.4535,110
S7,Final,112,0.074258146,0.062552083,29.438,88.77566667,110
S7,Final,113,0.079216496,0.778,29.377,100.6405,110
S7,Final,114,0.081996963,-0.615721354,29.46,100.7098333,110
S7,Final,115,0.086997588,-0.046614583,29.471,97.81833333,110
S7,Final,116,0.090621663,-0.278888021,29.38266667,110.059,110
S7,Final,117,0.092756413,0.181505208,29.29633333,89.75616667,110
S7,Final,118,0.095579367,0.452822917,29.364,81.42133333,110
S7,Final,119,0.074477071,-0.425588542,29.53666667,83.84516667,110
S7,Final,120,0.088508029,0.964263021,29.49133333,71.84483333,110
S7,Final,121,0.090877521,-1.012588542,29.409,70.21266667,110
S7,Final,122,0.075982288,0.044507812,29.66733333,74.47216667,110
S7,Final,123,0.079755429,-0.238989583,29.732,69.69133333,110
S7,Final,124,0.087531363,0.224083333,29.74433333,67.54816667,110
S7,Final,125,0.085193679,-0.38525,29.71833333,76.33666667,110
S7,Final,126,0.076078217,0.132765625,29.813,75.70166667,110
S7,Final,127,0.084217129,0.103463542,29.943,67.27566667,110
S7,Final,128,0.059181467,-0.982309896,29.76566667,71.8085,110
S7,Final,129,0.084841583,1.139263021,29.68733333,86.839,110
S7,Final,130,0.0989205,-0.426736979,29.64133333,81.42883333,110
S7,Final,131,0.098957646,0.433335938,29.621,75.45433333,110
S7,Final,132,0.126064138,0.029299479,29.728,79.58183333,110
S7,Final,133,0.112236071,-0.155450521,29.65333333,83.77033333,110
S7,Final,134,0.089068263,0.068304687,29.10666667,103.8025,110
S7,Final,135,0.116825854,-0.308757813,27.614,110.3155,110
S7,Final,136,0.229232708,0.302127604,27.743,79.791,110
S7,Final,137,0.424559846,0.242007812,27.774,71.56833333,110
S7,Final,138,0.214961808,-0.163049479,27.824,74.664,110
S7,Final,139,0.132708638,0.091841146,27.91333333,85.719,110
S7,Final,140,0.38247795,-0.154575521,27.96333333,87.59833333,110
S7,Final,141,0.306703883,-0.004864583,27.96766667,76.95783333,110
S7,Final,142,0.322010325,0.31225,28.04166667,70.02966667,110
S7,Final,143,0.310936138,-0.184166667,28.09333333,67.478,110
S7,Final,144,0.334616158,0.26265625,28.13233333,79.173,110
S7,Final,145,0.277291988,-0.465927083,28.146,85.15716667,110
S7,Final,146,0.372231013,0.066520833,28.14033333,82.44366667,110
S7,Final,147,0.274890363,0.057721354,28.16733333,77.9655,110
S7,Final,148,0.377941521,-0.216984375,28.16566667,80.4005,110
S7,Final,149,0.3425042,0.186979167,28.16066667,78.96133333,110
S7,Final,150,0.400428792,-0.000903646,28.17566667,80.28116667,110
S7,Final,151,0.462222638,0.075283854,28.18233333,77.60666667,110
S7,Final,152,0.452466763,-0.521791667,28.20466667,87.40233333,110
S7,Final,153,0.489366417,0.54103125,28.23466667,84.62583333,110
S7,Final,154,0.500189713,-0.092317708,28.28033333,74.39566667,110
S7,Final,155,0.539709921,0.163757813,28.35666667,73.08633333,110
S7,Final,156,0.546824033,-0.104848958,28.31433333,103.3696667,110
S7,Final,157,0.456917754,-0.110940104,28.309,109.0645,110
S7,Final,158,0.490444542,0.125445312,28.307,109.4878333,110
S7,Final,159,0.428599892,0.2841875,28.22866667,85.63883333,110
S7,Final,160,0.449035054,-0.506869792,28.13466667,74.7235,110
S7,Final,161,0.337434079,0.045721354,28.23466667,81.496,110
S7,Final,162,0.503002338,0.018263021,28.299,79.24366667,110
S7,Final,163,0.542922633,0.021351563,28.31266667,58.8535,110
S7,Final,164,0.533086704,0.114820313,28.34,73.59166667,110
S7,Final,165,0.550981467,0.002947917,28.34333333,91.94816667,110
S7,Final,166,0.535861963,-0.024002604,28.34633333,83.63066667,110
S7,Final,167,0.455156596,0.217856771,28.34,82.95516667,110
S7,Final,168,0.489958854,-0.522911458,28.34166667,80.894,110
S7,Final,169,0.532595712,0.139434896,28.33466667,84.19433333,110
S7,Final,170,0.463743713,0.133492187,28.309,80.93383333,110
S7,Final,171,0.511776225,0.603861979,28.30533333,85.78966667,110
S7,Final,172,0.5107676,-0.503231771,28.26566667,105.5628333,110
S7,Final,173,0.251578567,-0.101747396,28.24066667,94.781,110
S7,Final,174,0.332225213,0.005549479,28.30033333,76.57466667,110
S7,Final,175,0.359139508,0.117203125,28.31966667,71.242,110
S7,Final,176,0.529692363,-0.161460938,28.242,78.51633333,110
S7,Final,177,0.412541033,-0.014354167,28.22533333,93.816,110
S7,Final,178,0.431631267,0.034268229,28.232,79.39683333,110
S7,Final,179,0.476136096,0.280950521,28.232,78.68133333,110
S8,Final,0,0.006166938,1.52840625,22.47033333,111.147,184
S8,Final,1,0.004015133,-1.688601563,22.34166667,91.9165,184
S8,Final,2,0.003320992,0.294356771,22.31733333,128.1843333,184
S8,Final,3,0.003219529,-0.225072917,22.38433333,92.02316667,184
S8,Final,4,0.003208821,0.117867187,22.43266667,77.65366667,184
S8,Final,5,0.003940342,0.147153646,22.47566667,103.4063333,184
S8,Final,6,0.004137908,-0.274981771,22.26666667,112.7103333,184
S8,Final,7,0.003192846,0.277234375,22.17966667,126.2983333,184
S8,Final,8,0.003021983,-0.238221354,22.18033333,133.2638333,184
S8,Final,9,0.002851113,0.109328125,21.353,140.3196667,184
S8,Final,10,0.003411729,-0.251713542,21.39466667,129.7393333,184
S8,Final,11,0.002674892,0.221309896,21.35166667,117.0871667,184
S8,Final,12,0.128204929,-0.115986979,22.24666667,113.121,184
S8,Final,13,0.386461013,-0.082005208,23.96,98.5795,184
S8,Final,14,0.004244721,-0.044669271,30.72766667,93.40983333,184
S8,Final,15,0.275129533,0.180255208,31.136,111.9251667,184
S8,Final,16,0.304902729,-0.065067708,31.043,124.9935,184
S8,Final,17,0.157868338,0.199315104,31.03433333,98.728,184
S8,Final,18,0.120780029,0.078833333,31.05166667,91,184
S8,Final,19,0.124314733,0.036111979,31.19266667,90.29016667,184
S8,Final,20,0.220703762,0.31065625,31.19166667,89.348,184
S8,Final,21,0.287357058,-0.313848958,30.90966667,87.3495,184
S8,Final,22,0.344682217,-1.025828125,30.815,100.6915,184
S8,Final,23,0.436860588,0.827369792,30.902,101.0735,184
S8,Final,24,0.307085258,0.202080729,31.07766667,107.818,184
S8,Final,25,0.304203288,-0.265479167,31.04533333,92.44866667,184
S8,Final,26,0.3604164,0.114953125,30.78833333,83.1375,184
S8,Final,27,0.436205596,-0.192455729,30.97133333,118.5391667,184
S8,Final,28,0.415618154,0.862916667,31.02733333,132.1613333,184
S8,Final,29,0.697369538,-0.680559896,30.99566667,118.636,184
S8,Final,30,0.753313321,-0.017080729,30.78066667,92.758,184
S8,Final,31,0.419840533,-0.063221354,30.81133333,85.03766667,184
S8,Final,32,0.515104854,0.08440625,30.96633333,75.64183333,184
S8,Final,33,0.543750213,0.000317708,30.88666667,74.12333333,184
S8,Final,34,0.472707863,0.05140625,30.808,84.45733333,184
S8,Final,35,0.482226908,-0.004325521,30.46,78.39583333,184
S8,Final,36,0.705478963,0.328677083,29.847,83.56883333,184
S8,Final,37,0.831053846,0.068393229,29.41,81.8945,184
S8,Final,38,0.746790617,-0.522414063,29.864,86.35966667,184
S8,Final,39,0.611343408,0.085072917,29.90666667,80.3645,184
S8,Final,40,0.536627283,-0.017609375,30.22233333,76.54566667,184
S8,Final,41,0.426248671,0.0055625,30.75366667,84.30583333,184
S8,Final,42,0.337035954,-0.192046875,31.04866667,82.07016667,184
S8,Final,43,0.301731025,0.087791667,31.38933333,76.83416667,184
S8,Final,44,0.317900238,-0.059164062,31.42566667,71.8395,184
S8,Final,45,0.270425387,0.102544271,31.52766667,59.31616667,184
S8,Final,46,0.313104258,0.110997396,31.901,69.40616667,184
S8,Final,47,0.340714942,-0.013549479,32.23066667,73.63416667,184
S8,Final,48,0.339711146,-0.108882813,32.27166667,72.1305,184
S8,Final,49,0.34044795,-0.005567708,32.44966667,94.37116667,184
S8,Final,50,0.273671788,0.163744792,32.54283333,93.359,184
S8,Final,51,0.345936954,-0.206125,32.785,93.20533333,184
S8,Final,52,0.3523925,0.081265625,32.92316667,81.08983333,184
S8,Final,53,0.495000383,-0.131286458,33.08566667,77.14416667,184
S8,Final,54,0.506774058,-0.124296875,32.9115,72.3505,184
S8,Final,55,0.49258695,-0.234622396,32.87916667,78.41216667,184
S8,Final,56,0.511243212,0.499830729,32.9575,75.56416667,184
S8,Final,57,0.431673638,0.128671875,33.1115,77.26533333,184
S8,Final,58,0.406820421,0.074622396,33.273,68.843,184
S8,Final,59,0.29482705,-0.146505208,33.58566667,77.51966667,184
S8,Final,60,0.239466875,-0.000270833,33.49066667,101.7241667,184
S8,Final,61,0.270062417,-0.056252604,33.1075,72.898,184
S8,Final,62,0.280031167,-0.001848958,33.403,66.6335,184
S8,Final,63,0.287100813,-0.39209375,33.49016667,70.63966667,184
S8,Final,64,0.335615638,0.455270833,33.67383333,76.5075,184
S8,Final,65,0.448610625,-0.06515625,33.75333333,77.92233333,184
S8,Final,66,0.394943025,0.216169271,33.44016667,76.359,184
S8,Final,67,0.418629175,-0.139557292,33.50616667,85.2785,184
S8,Final,68,0.471399683,0.073361979,33.7685,87.37883333,184
S8,Final,69,0.521308213,-0.192765625,33.87216667,107.8858333,184
S8,Final,70,0.411180546,-0.615484375,33.65316667,126.1596667,184
S8,Final,71,0.403454242,0.642432292,33.93533333,99.11633333,184
S8,Final,72,0.707737625,0.380880208,34.382,71.79783333,184
S8,Final,73,0.680142958,-0.088773438,34.737,64.7805,184
S8,Final,74,0.619229692,-0.273385417,34.66483333,72.99366667,184
S8,Final,75,0.751001988,-0.022122396,34.54383333,77.21616667,184
S8,Final,76,1.117357942,-0.002492188,34.4945,77.403,184
S8,Final,77,1.25315895,-0.328786458,34.49333333,75.705,184
S8,Final,78,0.954279021,0.621143229,34.43116667,68.3885,184
S8,Final,79,1.004742933,-0.260932292,34.57233333,62.17616667,184
S8,Final,80,0.980389338,0.06646875,34.5665,77.759,184
S8,Final,81,0.9427457,-0.031447917,34.38883333,102.016,184
S8,Final,82,0.862225754,0.017403646,34.29483333,96.23566667,184
S8,Final,83,1.092855725,0.387966146,34.55616667,85.8765,184
S8,Final,84,1.242938279,-0.289028646,34.62333333,77.71783333,184
S8,Final,85,1.966443029,-0.183161458,34.478,79.47933333,184
S8,Final,86,2.886261912,-0.239013021,34.46283333,80.098,184
S8,Final,87,2.701426813,0.195372396,34.5395,97.73566667,184
S8,Final,88,2.919870471,0.374171875,34.59966667,89.40883333,184
S8,Final,89,2.607037846,-0.319026042,34.47266667,81.26183333,184
S8,Final,90,2.274396629,0.083023437,34.425,93.24166667,184
S8,Final,91,1.891748067,0.506036458,34.19,101.5831667,184
S8,Final,92,1.450444883,-0.500507813,34.07866667,80.13183333,184
S8,Final,93,1.181772446,-0.02203125,34.18516667,94.0385,184
S8,Final,94,1.118164,0.036640625,34.19933333,100.9833333,184
S8,Final,95,1.078828808,-0.024401042,34.061,87.3085,184
S8,Final,96,1.025295796,-1.037320313,34.21783333,88.0005,184
S8,Final,97,0.731033971,0.999494792,34.4025,90.8615,184
S8,Final,98,0.689439063,-0.157794271,34.30633333,87.303,184
S8,Final,99,0.756626254,0.324510417,33.812,75.8135,184
S8,Final,100,0.64664815,-0.470052083,33.78633333,82.9915,184
S8,Final,101,0.662330296,0.344802083,33.70983333,74.48133333,184
S8,Final,102,0.667755275,0.113385417,33.55216667,81.91316667,184
S8,Final,103,0.663360846,-0.312713542,33.60633333,99.17983333,184
S8,Final,104,0.607733713,-0.057557292,33.41183333,93.42366667,184
S8,Final,105,0.553249217,0.312354167,33.55416667,86.6425,184
S8,Final,106,0.464687938,0.403572917,33.669,89.48383333,184
S8,Final,107,0.528137396,-0.80371875,33.55366667,86.42266667,184
S8,Final,108,0.57777365,0.318690104,33.61316667,80.56516667,184
S8,Final,109,0.633641046,0.104065104,33.71983333,80.4325,184
S8,Final,110,0.608134129,-0.109432292,33.83966667,77.74916667,184
S8,Final,111,0.493975167,-0.132822917,33.62916667,76.55866667,184
S8,Final,112,0.57446845,0.11178125,33.543,71.76383333,184
S8,Final,113,0.736816671,0.654721354,33.56133333,77.73866667,184
S8,Final,114,1.225264983,-0.587731771,33.77666667,83.046,184
S8,Final,115,1.705567125,-0.179341146,33.92266667,84.15533333,184
S8,Final,116,1.621142083,0.087348958,34.00916667,79.37283333,184
S8,Final,117,1.297004683,0.64546875,33.88366667,83.66,184
S8,Final,118,1.018886775,-0.204507813,33.80916667,81.507,184
S8,Final,119,1.186195908,-0.483690104,33.67533333,90.23383333,184
S8,Final,120,1.372809446,-0.067716146,33.829,96.97983333,184
S8,Final,121,1.170922533,0.386588542,33.68933333,94.04716667,184
S8,Final,122,1.028310917,-0.5613125,33.79033333,91.79716667,184
S8,Final,123,1.041051388,0.455041667,33.81283333,98.10083333,184
S8,Final,124,1.204745425,-0.036213542,33.778,81.30666667,184
S8,Final,125,1.407636033,0.053408854,33.77266667,77.07583333,184
S8,Final,126,1.505355646,-0.217747396,33.87366667,89.24866667,184
S8,Final,127,1.471620983,-0.202572917,33.5935,83.95833333,184
S8,Final,128,1.364767029,0.236367187,33.55816667,84.329,184
S8,Final,129,1.054213558,-0.082148437,33.38083333,70.84883333,184
S8,Final,130,1.263683038,0.112778646,33.39916667,98.18433333,184
S8,Final,131,1.006136533,-0.023434896,33.41733333,113.6558333,184
S8,Final,132,0.878367117,0.416888021,33.53833333,96.868,184
S8,Final,133,1.218523483,-0.411518229,33.54583333,87.56616667,184
S8,Final,134,1.136495671,-0.101471354,33.6765,77.9895,184
S8,Final,135,0.980859221,0.968138021,33.68066667,87.91083333,184
S8,Final,136,1.085545908,-1.365177083,33.7375,95.5525,184
S8,Final,137,0.860212733,0.446044271,33.68166667,85.18733333,184
S8,Final,138,0.839741571,0.127166667,33.64116667,113.5591667,184
S8,Final,139,0.771587829,0.89565625,33.5685,128.9233333,184
S8,Final,140,1.030466688,-0.671091146,33.87216667,133.1416667,184
S8,Final,141,2.110463813,-0.245976562,33.99483333,117.2763333,184
S8,Final,142,1.787295629,-0.926981771,34.18333333,92.4665,184
S8,Final,143,1.297770888,1.177825521,34.07966667,75.29583333,184
S8,Final,144,0.955672713,0.2080625,33.90216667,82.52016667,184
S8,Final,145,1.096255104,-0.462658854,33.77366667,96.54483333,184
S8,Final,146,1.602720733,0.639757813,33.63216667,90.84783333,184
S8,Final,147,1.477121154,-2.438947917,33.595,85.89116667,184
S8,Final,148,1.019411396,1.760692708,33.27416667,97.06316667,184
S8,Final,149,1.011096988,-0.057205729,33.19566667,95.17166667,184
S8,Final,150,0.943406117,-0.065197917,33.08166667,101.2346667,184
S8,Final,151,0.793800792,-0.269260417,32.98466667,93.48466667,184
S8,Final,152,0.696839663,0.930986979,32.9675,84.22033333,184
S8,Final,153,0.856759242,-0.562315104,33.0085,80.488,184
S8,Final,154,0.962080117,-0.00621875,33.02633333,85.18333333,184
S8,Final,155,0.616618479,0.745278646,32.64716667,93.08566667,184
S8,Final,156,0.646760233,-0.304908854,32.3255,79.14166667,184
S8,Final,157,0.822911075,-0.225789062,32.355,78.43383333,184
S8,Final,158,0.903318996,-0.175986979,32.42366667,63.11733333,184
S8,Final,159,0.704659808,-0.234757813,32.12883333,66.4405,184
S8,Final,160,0.568273508,0.282033854,31.90516667,78.09716667,184
S8,Final,161,0.760858529,-0.501044271,32.22866667,82.957,184
S8,Final,162,0.742294988,-0.231408854,32.307,81.781,184
S8,Final,163,0.831085854,0.884796875,32.274,76.54683333,184
S8,Final,164,0.798840271,-0.236565104,32.233,74.75116667,184
S8,Final,165,0.786308392,0.054364583,32.2735,86.77883333,184
S8,Final,166,1.117604396,-0.48815625,32.42833333,81.54383333,184
S8,Final,167,0.946966288,0.474184896,32.503,84.81,184
S8,Final,168,0.936487754,-0.451934896,32.52083333,92.86916667,184
S8,Final,169,0.801777004,0.431424479,32.48866667,101.346,184
S8,Final,170,0.722453021,0.417114583,32.51033333,99.14483333,184
S8,Final,171,0.898577175,-0.365635417,32.60016667,105.639,184
S8,Final,172,0.912601671,0.074513021,32.73483333,108.351,184
S8,Final,173,0.963196113,-0.065820313,32.725,111.0225,184
S8,Final,174,0.877468983,0.327299479,32.62333333,98.668,184
S8,Final,175,0.806634175,-0.402083333,32.60016667,87.272,184
S8,Final,176,0.759450929,-0.098455729,32.51066667,76.39666667,184
S8,Final,177,0.758361613,-0.316705729,32.04916667,100.0516667,184
S8,Final,178,0.638644238,0.433627604,31.84533333,125.9106667,184
S8,Final,179,0.5655942,-0.1844375,31.86966667,114.2408333,184
S9,Final,0,0.017655733,0.037880208,22.11766667,99.564,126
S9,Final,1,0.012733196,0.070690104,22.069,98.439,126
S9,Final,2,0.012380813,-0.048005208,22.261,86.35016667,126
S9,Final,3,0.012375454,0.195046875,22.397,87.24,126
S9,Final,4,0.011964404,-0.193833333,22.46266667,80.809,126
S9,Final,5,0.012023142,-0.064833333,22.376,81.53616667,126
S9,Final,6,0.011857683,-0.036229167,21.12016667,108.433,126
S9,Final,7,0.012263371,-0.528705729,20.863,82.48233333,126
S9,Final,8,0.01209255,0.590635417,20.6975,81.46966667,126
S9,Final,9,0.011740196,-0.01075,19.85783333,72.441,126
S9,Final,10,0.0125517,0.056013021,20.65766667,101.5953333,126
S9,Final,11,0.012380796,-0.054359375,20.88333333,94.58166667,126
S9,Final,12,0.011654788,-0.000479167,20.99666667,105.892,126
S9,Final,13,0.011467958,-0.013645833,21.122,119.8651667,126
S9,Final,14,0.012033758,0.009854167,21.20133333,107.7986667,126
S9,Final,15,0.012151217,-0.008346354,21.23566667,127.1241667,126
S9,Final,16,0.011644104,-0.0288125,21.26066667,113.1111667,126
S9,Final,17,0.011425258,0.024010417,21.296,136.4873333,126
S9,Final,18,0.011361208,-0.00475,21.32666667,109.538,126
S9,Final,19,0.011238417,0.017067708,21.36766667,115.45,126
S9,Final,20,0.010784683,-0.011632813,21.39533333,110.2965,126
S9,Final,21,0.010838075,0.011539063,21.41833333,113.3063333,126
S9,Final,22,0.011131667,-0.004023438,21.42433333,120.8601667,126
S9,Final,23,0.010902146,0.011541667,21.45333333,121.3506667,126
S9,Final,24,0.011702825,-0.249078125,21.53833333,119.4715,126
S9,Final,25,0.048621133,0.426825521,28.29733333,103.3645,126
S9,Final,26,0.097824167,-0.830385417,32.31583333,107.803,126
S9,Final,27,0.131288275,0.659604167,32.52066667,98.25533333,126
S9,Final,28,0.151859008,0.069502604,32.47583333,91.94633333,126
S9,Final,29,0.166081829,-0.015447917,32.46533333,93.44616667,126
S9,Final,30,0.179413033,-0.062260417,32.425,98.45383333,126
S9,Final,31,0.189332646,-0.093398438,32.33716667,95.87283333,126
S9,Final,32,0.201040854,0.025627604,32.191,86.8375,126
S9,Final,33,0.177325554,-0.069765625,32.02366667,92.00466667,126
S9,Final,34,0.221099058,0.044908854,32.13166667,91.30583333,126
S9,Final,35,0.233928442,0.221604167,32.34133333,87.268,126
S9,Final,36,0.240046796,-0.250307292,32.438,89.539,126
S9,Final,37,0.228359979,0.293502604,32.34483333,93.35916667,126
S9,Final,38,0.253634254,-0.438419271,32.28166667,91.0865,126
S9,Final,39,0.257531621,0.062408854,32.256,85.58283333,126
S9,Final,40,0.268091846,-0.057648437,32.35883333,84.63783333,126
S9,Final,41,0.27723715,0.114515625,32.41166667,87.41466667,126
S9,Final,42,0.278203521,-0.028601563,32.3115,88.74033333,126
S9,Final,43,0.2778459,0.26659375,32.03966667,91.38533333,126
S9,Final,44,0.296147513,-0.128442708,32.06433333,83.86416667,126
S9,Final,45,0.3045616,0.071966146,32.15666667,89.50233333,126
S9,Final,46,0.308864721,0.071611979,32.19066667,87.74633333,126
S9,Final,47,0.3139741,-0.267052083,32.14216667,86.43533333,126
S9,Final,48,0.308314896,0.316481771,32.229,84.6085,126
S9,Final,49,0.321950354,-0.315783854,32.35216667,85.26416667,126
S9,Final,50,0.322649779,0.455507813,32.53183333,86.10966667,126
S9,Final,51,0.280077583,-0.390341146,32.66166667,86.456,126
S9,Final,52,0.28464765,0.174755208,32.816,85.5145,126
S9,Final,53,0.345938025,-0.360458333,32.96966667,84.1585,126
S9,Final,54,0.360214158,0.369354167,33.104,85.42616667,126
S9,Final,55,0.363972746,0.287375,33.214,86.4315,126
S9,Final,56,0.372867367,-0.608994792,33.34066667,85.874,126
S9,Final,57,0.358996954,0.618539063,33.4325,82.61,126
S9,Final,58,0.390224062,-0.526197917,33.52866667,81.65683333,126
S9,Final,59,0.375040308,0.294567708,33.55483333,85.86816667,126
S9,Final,60,0.401798796,-0.301041667,33.642,84.54033333,126
S9,Final,61,0.367523192,-0.335703125,33.6945,90.2135,126
S9,Final,62,0.394666029,0.256882813,33.7485,86.975,126
S9,Final,63,0.3482552,0.262174479,33.78666667,78.37,126
S9,Final,64,0.364901854,-0.154138021,33.83266667,75.29483333,126
S9,Final,65,0.385963713,-0.450869792,33.85283333,77.151,126
S9,Final,66,0.436661704,0.892393229,33.83116667,85.068,126
S9,Final,67,0.414265096,-0.380278646,33.83466667,83.86883333,126
S9,Final,68,0.444627067,-0.407445312,33.91066667,80.989,126
S9,Final,69,0.491844133,0.081940104,33.934,82.32616667,126
S9,Final,70,0.449864504,-0.3889375,33.934,82.00533333,126
S9,Final,71,0.502906313,0.420791667,33.9515,85.164,126
S9,Final,72,0.372864429,0.4496875,34.039,82.60116667,126
S9,Final,73,0.412609846,0.055671875,34.03216667,82.679,126
S9,Final,74,0.479981175,-0.403572917,34.05466667,80.858,126
S9,Final,75,0.448097383,0.696427083,34.1315,81.177,126
S9,Final,76,0.381265442,-0.202955729,34.18616667,78.79566667,126
S9,Final,77,0.471695275,-1.324247396,34.19433333,81.28333333,126
S9,Final,78,0.424339429,0.852421875,34.23333333,77.4115,126
S9,Final,79,0.185540054,-0.022747396,34.31966667,77.77166667,126
S9,Final,80,0.267258108,1.14453125,34.31616667,82.975,126
S9,Final,81,0.266520413,-0.855796875,34.32133333,78.79516667,126
S9,Final,82,0.517528679,-0.048307292,34.3565,78.08083333,126
S9,Final,83,0.528292746,-0.037109375,34.37816667,79.06633333,126
S9,Final,84,0.40800245,0.216085938,34.30166667,76.67633333,126
S9,Final,85,0.518175808,-0.347338542,34.31566667,77.6955,126
S9,Final,86,0.551490213,0.150247396,34.377,76.969,126
S9,Final,87,0.45969795,-0.331385417,34.41733333,83.76733333,126
S9,Final,88,0.568729496,0.515007813,34.42233333,87.41983333,126
S9,Final,89,0.589342958,0.207078125,34.44233333,76.776,126
S9,Final,90,0.582669308,-0.263583333,34.43133333,75.41766667,126
S9,Final,91,0.587703892,0.040807292,34.41633333,77.59366667,126
S9,Final,92,0.580485767,-0.287867188,34.385,78.21183333,126
S9,Final,93,0.577976429,0.364380208,34.327,77.41716667,126
S9,Final,94,0.523375692,-0.387578125,34.38016667,74.211,126
S9,Final,95,0.483280717,0.311190104,34.42233333,78.646,126
S9,Final,96,0.615951908,-0.104760417,34.378,75.94266667,126
S9,Final,97,0.621360229,-0.07796875,34.381,76.4075,126
S9,Final,98,0.614323587,-0.086914063,34.40966667,80.552,126
S9,Final,99,0.60641135,0.093645833,34.416,77.8675,126
S9,Final,100,0.536605508,-0.008609375,34.3665,68.09033333,126
S9,Final,101,0.473512667,-0.314859375,34.30183333,72.30066667,126
S9,Final,102,0.581468317,0.251,34.32616667,74.84633333,126
S9,Final,103,0.524215892,-0.018661458,34.37183333,78.17466667,126
S9,Final,104,0.589161437,-0.094932292,34.46866667,75.99783333,126
S9,Final,105,0.580422825,0.083153646,34.554,76.02333333,126
S9,Final,106,0.632043367,0.288960938,34.6215,74.68033333,126
S9,Final,107,0.627932433,0.218789063,34.61466667,75.023,126
S9,Final,108,0.631050308,-0.639942708,34.577,78.687,126
S9,Final,109,0.633789121,0.667557292,34.50266667,79.48483333,126
S9,Final,110,0.636773563,-0.326979167,34.4125,81.39,126
S9,Final,111,0.643483633,0.008611979,34.51083333,74.70683333,126
S9,Final,112,0.511571417,-0.344203125,34.50716667,78.20533333,126
S9,Final,113,0.515607296,0.169651042,34.501,80.4765,126
S9,Final,114,0.636756329,0.159559896,34.48566667,79.12133333,126
S9,Final,115,0.665319063,0.238770833,34.48033333,73.98883333,126
S9,Final,116,0.578755579,-0.374598958,34.45483333,73.40166667,126
S9,Final,117,0.610220854,0.051921875,34.28616667,63.8915,126
S9,Final,118,0.59758905,0.044963542,34.20266667,70.27833333,126
S9,Final,119,0.567250592,-0.470419271,34.16466667,79.65966667,126
S9,Final,120,0.579989075,0.151695312,34.19266667,85.48933333,126
S9,Final,121,0.556870462,0.330458333,34.28233333,77.965,126
S9,Final,122,0.563438579,-0.071997396,34.20116667,77.102,126
S9,Final,123,0.566786175,0.633596354,34.30083333,78.7485,126
S9,Final,124,0.553344871,-0.356833333,34.3665,76.153,126
S9,Final,125,0.556482104,-0.665955729,34.379,79.13183333,126
S9,Final,126,0.491839388,0.520208333,34.33366667,80.39283333,126
S9,Final,127,0.55258475,-0.064994792,34.3305,79.19533333,126
S9,Final,128,0.455997758,0.202302083,34.32283333,77.45633333,126
S9,Final,129,0.464432,0.054507812,34.24716667,78.41066667,126
S9,Final,130,0.57726715,-0.423885417,34.18683333,78.41416667,126
S9,Final,131,0.591248808,0.886598958,34.28333333,75.07633333,126
S9,Final,132,0.590581067,-0.427677083,34.321,79.08283333,126
S9,Final,133,0.557602158,-0.446783854,34.28083333,77.39466667,126
S9,Final,134,0.592466096,-0.021554687,34.182,76.75333333,126
S9,Final,135,0.421955588,0.205932292,34.17683333,73.42333333,126
S9,Final,136,0.575248204,-0.070867188,34.13583333,77.714,126
S9,Final,137,0.422926633,0.001513021,34.14366667,75.9555,126
S9,Final,138,0.561341883,-0.350882812,34.25016667,75.85683333,126
S9,Final,139,0.587511517,0.434979167,34.155,85.20366667,126
S9,Final,140,0.384111829,-0.131132812,34.1,79.13416667,126
S9,Final,141,0.565378529,-0.077859375,34.05933333,79.17766667,126
S9,Final,142,0.61387795,0.452330729,34.056,85.38583333,126
S9,Final,143,0.628583429,-0.295205729,34.00433333,84.69366667,126
S9,Final,144,0.6064558,-0.458679688,34.08633333,83.34083333,126
S9,Final,145,0.577704217,0.310942708,34.09033333,84.633,126
S9,Final,146,0.590362517,-0.353565104,34.12066667,78.83683333,126
S9,Final,147,0.586948746,0.406080729,34.05866667,82.19916667,126
S9,Final,148,0.574129338,0.106578125,33.982,96.8415,126
S9,Final,149,0.603165038,-0.081976563,34.00433333,83.92583333,126
S9,Final,150,0.539904763,-0.249408854,34.03583333,84.78266667,126
S9,Final,151,0.570781892,0.200476562,33.99316667,82.364,126
S9,Final,152,0.601227763,0.200875,34.07216667,81.76383333,126
S9,Final,153,0.602311737,-0.208554688,34.10366667,80.74466667,126
S9,Final,154,0.599915675,-0.929401042,34.03583333,99.12666667,126
S9,Final,155,0.617067529,0.423161458,33.99766667,96.7575,126
S9,Final,156,0.613453075,0.861546875,34.02566667,81.9745,126
S9,Final,157,0.624851575,-0.175414062,34.0335,92.409,126
S9,Final,158,0.544789354,-0.280880208,34.079,77.97783333,126
S9,Final,159,0.618023171,-0.1668125,34.10633333,79.4715,126
S9,Final,160,0.593499721,0.424872396,34.097,82.44833333,126
S9,Final,161,0.604982796,-0.266367188,34.104,81.32483333,126
S9,Final,162,0.631888238,0.173179687,34.11733333,69.92033333,126
S9,Final,163,0.641116963,0.143875,34.06833333,72.09083333,126
S9,Final,164,0.537344321,-0.069981771,34.03216667,85.7945,126
S9,Final,165,0.583677058,-0.068924479,34.01866667,77.80866667,126
S9,Final,166,0.456492817,0.079414062,33.981,75.61566667,126
S9,Final,167,0.613093921,-0.410127604,33.91283333,87.01433333,126
S9,Final,168,0.800773017,0.392083333,33.88316667,80.348,126
S9,Final,169,0.791554796,-0.003914063,33.98566667,82.63216667,126
S9,Final,170,0.726648788,-0.123520833,33.96383333,79.19933333,126
S9,Final,171,0.727824546,0.071742187,33.98066667,77.811,126
S9,Final,172,0.684721279,0.231614583,33.97616667,80.53983333,126
S9,Final,173,0.715405388,-0.228424479,33.97283333,85.27166667,126
S9,Final,174,0.713895608,-0.027453125,33.91833333,67.41633333,126
S9,Final,175,0.719211125,0.173023438,33.805,65.37566667,126
S9,Final,176,0.687010767,0.161039063,33.64933333,74.82483333,126
S9,Final,177,0.587256454,-0.304171875,33.60683333,92.3765,126
S9,Final,178,0.591991558,0.590947917,33.64066667,104.3653333,126
S9,Final,179,0.470705592,-0.518114583,33.627,98.438,126
